,시도,군구,스벅_나머지데이터,ID
0,서울,강남,언주로 425 (역삼동)02-568-3762,서울 강남
1,서울,강남,강남대로 538 (논현동)02-3442-3672,서울 강남
2,서울,강남,테헤란로 125 (역삼동)02-568-3668,서울 강남
3,서울,강남,남부순환로 2947 (대치동)02-568-3704,서울 강남
4,서울,강남,테헤란로 518 (대치동)02-568-3648,서울 강남
5,서울,강남,언주로 861 (신사동)02-541-3622,서울 강남
6,서울,강남,광평로 281 (수서동)02-6181-3688,서울 강남
7,서울,강남,남부순환로 2621 (도곡동)02-571-3604,서울 강남
8,서울,강남,테헤란로 409 (삼성동)02-2051-3562,서울 강남
9,서울,강남,봉은사로 446 (삼성동)02-539-3564,서울 강남
10,서울,강남,봉은사로2길 39 (역삼동)02-557-3484,서울 강남
11,서울,강남,영동대로 513 (삼성동)02-6002-3467,서울 강남
12,서울,강남,학동로 419 (청담동)02-514-3397,서울 강남
13,서울,강남,도곡로 205 (역삼동)02-565-3496,서울 강남
14,서울,강남,강남대로 390 (역삼동)02-561-3478,서울 강남
15,서울,강남,도곡로 457 (대치동)02-554-3315,서울 강남
16,서울,강남,영동대로 720 (청담동)02-3443-3371,서울 강남
17,서울,강남,압구정로30길 17 (신사동)02-541-3306,서울 강남
18,서울,강남,압구정로12길 32 (신사동)02-3446-3356,서울 강남
19,서울,강남,도산대로57길 24 (청담동)02-514-3364,서울 강남
20,서울,강남,강남대로 328 (역삼동)02-565-3347,서울 강남
21,서울,강남,도산대로 328 (논현동) HS빌딩02-758-8971,서울 강남
22,서울,강남,삼성로 402 (대치동)02-561-3287,서울 강남
23,서울,강남,테헤란로 505 (삼성동) 화진빌딩02-554-3235,서울 강남
24,서울,강남,"논현로 752 (논현동,구산빌딩)02-758-8896",서울 강남
25,서울,강남,도산대로 108 (논현동) 렉스타워02-758-8848,서울 강남
26,서울,강남,남부순환로 2909 (대치동)02-758-8809,서울 강남
27,서울,강남,언주로 650 (논현동) 한국건설기술인협회02-758-8798,서울 강남
28,서울,강남,도산대로 458 (청담동) 리츠타워02-758-8726,서울 강남
29,서울,강남,"도곡로 408, 디마크빌딩 101호 (대치동)02-758-8683",서울 강남
30,서울,강남,역삼로 123 (역삼동)02-758-8739,서울 강남
31,서울,강남,영동대로 513 (삼성동) 코엑스02-758-8733,서울 강남
32,서울,강남,"논현로175길 94, 1~2층 (신사동)02-758-8661",서울 강남
33,서울,강남,"테헤란로 211, 한국고등교육재단빌딩 1층 (역삼동)02-758-8626",서울 강남
34,서울,강남,"테헤란로 134, P&S TOWER (역삼동)02-758-8631",서울 강남
35,서울,강남,"강남대로 456, 한석타워 2층 1-2호 (역삼동)02-758-8624",서울 강남
36,서울,강남,"도산대로 532, 인희빌딩 1층 (청담동)02-758-8659",서울 강남
37,서울,강남,테헤란로87길 33 (삼성동)02-758-8635,서울 강남
38,서울,강남,"영동대로86길 12, ,9,10번지 동남유화빌딩 (대치동)02-758-8592",서울 강남
39,서울,강남,논현로 704 (논현동)02-758-8101,서울 강남
40,서울,강남,도곡로 511 (대치동)02-758-8063,서울 강남
41,서울,강남,"테헤란로 305, 한국기술센터 1층 (역삼동)02-6009-3410",서울 강남
42,서울,강남,"언주로30길 57, 타워팰리스Ⅱ F 지하1층 (도곡동)02-2191-1219",서울 강남
43,서울,강남,"테헤란로 443, 애플트리타워 1층 (삼성동)02-758-8038",서울 강남
44,서울,강남,"테헤란로64길 18, 세화빌딩 1층 (대치동)02-758-8028",서울 강남
45,서울,강남,"압구정로 170, 관영빌딩 1층 지하1층 (신사동)02-758-8013",서울 강남
46,서울,강남,압구정로42길 32 (신사동)02-758-8231,서울 강남
47,서울,강남,논현로 401 (역삼동)02-758-8247,서울 강남
48,서울,강남,"테헤란로 223, 큰길타워빌딩 (역삼동)02-758-8116",서울 강남
49,서울,강남,"선릉로 669, 웰빙센터 1층 (논현동)02-758-8119",서울 강남
50,서울,강남,"남부순환로 2936, 원플러스 상가107호 (대치동)02-758-8120",서울 강남
51,서울,강남,논현로 88 (개포동)02-758-8122,서울 강남
52,서울,강남,테헤란로 142 (역삼동)02-758-8158,서울 강남
53,서울,강남,영동대로 215 (대치동)02-758-8151,서울 강남
54,서울,강남,봉은사로 407 (삼성동) 에프오빌딩02-758-8970,서울 강남
55,서울,강남,삼성로 605 (삼성동)02-758-8278,서울 강남
56,서울,강남,논현로 508 (역삼동)02-758-8129,서울 강남
57,서울,강남,논현로 841 (신사동)02-758-8109,서울 강남
58,서울,강남,"테헤란로 334, LG화재 빌딩 (역삼동)02-758-8108",서울 강남
59,서울,강남,밤고개로1길 10 (수서동) 수서현대벤쳐빌 지하2층02-758-8165,서울 강남
60,서울,강남,영동대로 616 (삼성동)02-758-8478,서울 강남
61,서울,강남,도곡로 183 (역삼동)02-758-8463,서울 강남
62,서울,강남,"봉은사로 213, 센트럴타워 (논현동)02-758-8444",서울 강남
63,서울,강남,학동로 506 (삼성동)02-758-8394,서울 강남
64,서울,강남,언주로174길 29 (신사동)02-758-8398,서울 강남
65,서울,강남,"봉은사로 304, 금강빌딩 1-2층 (역삼동)02-758-8317",서울 강남
66,서울,강남,강남대로 282 (도곡동)02-758-8325,서울 강남
67,서울,강남,"테헤란로2길 27, 1층 101호 (역삼동)02-758-8492",서울 강남
68,서울,강남,"테헤란로 145, 우신빌딩 1층 (역삼동)02-758-8314",서울 강남
69,서울,강남,"선릉로 836, 삼원빌딩 1,2층 (청담동)02-758-8345",서울 강남
70,서울,강남,테헤란로 306 (역삼동)02-758-8321,서울 강남
71,서울,강남,"삼성로86길 7, 1층 (대치동)02-758-8331",서울 강남
72,서울,강남,"선릉로93길 22, 대흥빌딩 1층 (역삼동)02-758-8552",서울 강남
73,서울,강남,테헤란로103길 9 (삼성동)02-758-8585,서울 강남
74,서울,강남,논현로 648 (논현동)02-758-8426,서울 강남
75,서울,강남,"도산대로 134, 2층 (논현동)02-758-8429",서울 강남
76,서울,강북,삼양로 161 (미아동)02-980-3341,서울 강북
77,서울,강북,도봉로 365 (수유동)02-758-8944,서울 강북
78,서울,강북,도봉로 32 (미아동)02-758-8859,서울 강북
79,서울,강북,도봉로 342 (번동)02-758-8104,서울 강북
80,서울,강북,도봉로 196 (미아동)02-758-8500,서울 강북
81,서울,강서,강서로 267 (내발산동)02-2664-2624,서울 강서
82,서울,강서,마곡동로 62 (마곡동)02-2659-3585,서울 강서
83,서울,강서,방화대로 375 (방화동)02-2664-3480,서울 강서
84,서울,강서,마곡중앙로 161-17 (마곡동)02-3662-3504,서울 강서
85,서울,강서,"마곡중앙6로 16 (마곡동) 117,118,119,120호02-2659-3404",서울 강서
86,서울,강서,양천로 476 (등촌동)02-3661-3418,서울 강서
87,서울,강서,등촌로 57 (화곡동)02-2648-3257,서울 강서
88,서울,강서,강서로 463 (마곡동)02-2658-3312,서울 강서
89,서울,강서,화곡로 142(화곡동)02-758-8881,서울 강서
90,서울,강서,공항대로 329 (등촌동)02-758-8883,서울 강서
91,서울,강서,공항대로 627 (염창동)02-758-8694,서울 강서
92,서울,강서,강서로 388 (등촌동) 그랜드마트02-758-8720,서울 강서
93,서울,강서,"양천로 559, 가양이마트 1층 (가양동)02-758-8070",서울 강서
94,서울,강서,강서로13길 3 (화곡동)02-758-8538,서울 강서
95,서울,관악,관악로 158 (봉천동)02-883-3725,서울 관악
96,서울,관악,남부순환로 1419 (신림동)02-851-3283,서울 관악
97,서울,관악,남부순환로 1817 (봉천동)02-876-3252,서울 관악
98,서울,관악,남부순환로 1948 (봉천동)02-872-3249,서울 관악
99,서울,관악,남부순환로 2082-2502-758-8721,서울 관악
100,서울,관악,"보라매로3길 23, 대교빌딩 1층 (봉천동)02-758-8629",서울 관악
101,서울,관악,남부순환로 1619 (신림동)02-758-8645,서울 관악
102,서울,관악,신림로 355-1 (신림동)02-758-8290,서울 관악
103,서울,관악,"신림로 330, PODO MALL 1층 101 일부 (신림동)02-758-8286",서울 관악
104,서울,관악,남부순환로 1812 (봉천동)02-758-8460,서울 관악
105,서울,광진,능동로243 02-464-3656,서울 광진
106,서울,광진,천호대로 676 02-455-3637,서울 광진
107,서울,광진,광나루로 608 (구의동)02-453-3514,서울 광진
108,서울,광진,광나루로 519 (구의동)02-758-8901,서울 광진
109,서울,광진,아차산로 35502-758-8865,서울 광진
110,서울,광진,천호대로 548 (군자동) 중앙빌딩02-758-8748,서울 광진
111,서울,광진,"아차산로 607, 1,2층 (광장동)02-758-8648",서울 광진
112,서울,광진,아차산로 262 (자양동)02-758-8197,서울 광진
113,서울,광진,능동로 50 (자양동)02-758-8159,서울 광진
114,서울,광진,구의강변로 64 (구의동) 구의아크로리버02-758-8759,서울 광진
115,서울,광진,능동로 107 (화양동)02-758-8305,서울 광진
116,서울,광진,아차산로 373 (구의동)02-758-8476,서울 광진
117,서울,광진,아차산로 537-17 (광장동)02-758-8508,서울 광진
118,서울,광진,능동로 90 (자양동) 더 클래식50002-758-8519,서울 광진
119,서울,금천,가산디지털1로 171 (가산동)02-6244-8046,서울 금천
120,서울,금천,시흥대로 426 (독산동)02-838-3444,서울 금천
121,서울,금천,시흥대로 164 (시흥동)02-805-3360,서울 금천
122,서울,금천,벚꽃로 298 (가산동)02-2083-8302,서울 금천
123,서울,금천,두산로 70 (독산동)02-758-8765,서울 금천
124,서울,금천,가산디지털1로 168 (가산동)02-758-8147,서울 금천
125,서울,금천,디지털로 188 (가산동)02-758-8196,서울 금천
126,서울,금천,벚꽃로 266 마리오아울렛3관02-758-8542,서울 금천
127,서울,금천,가산디지털1로 128 (가산동)02-758-8371,서울 금천
128,서울,금천,"디지털로9길 32, 갑을그레이트밸리 1층 (가산동)02-758-8346",서울 금천
129,서울,노원,마들로3길 15 02-971-3748,서울 노원
130,서울,노원,노원로 449 02-931-3660,서울 노원
131,서울,노원,동일로 1015 (공릉동)02-971-3457,서울 노원
132,서울,노원,"노원로 569 (상계동, 임광아파트)02-934-3438",서울 노원
133,서울,노원,동일로 1081 (공릉동)02-972-3380,서울 노원
134,서울,노원,화랑로 621 (공릉동)02-758-8647,서울 노원
135,서울,노원,"중계로 217, 중흥빌딩 103,203호 (중계동)02-758-8238",서울 노원
136,서울,노원,"노해로 502, (주)KT 노원사옥 (상계동)02-758-8523",서울 노원
137,서울,노원,석계로 104 (월계동)02-758-8485,서울 노원
138,서울,노원,"동일로 1339, 대한빌딩 (상계동)02-758-8567",서울 노원
139,서울,노원,"동일로 1413, 1층 (상계동)02-758-8584",서울 노원
140,서울,노원,마들로3길 15 (월계동)02-758-8573,서울 노원
141,서울,도봉,노해로65길 4 (창동)02-903-3791,서울 도봉
142,서울,도봉,도봉로 480 (창동)02-758-8691,서울 도봉
143,서울,동작,"보라매로5길 35 (신대방동, 파크스퀘어,보라매현대APT)02-832-3693",서울 동작
144,서울,동작,사당로 300 (사당동 이수자이)02-588-3657,서울 동작
145,서울,동작,노량진로 134 (노량진동)02-816-3581,서울 동작
146,서울,동작,상도로 102 (상도동)02-813-3501,서울 동작
147,서울,동작,흑석로 75-1 (흑석동)02-812-3250,서울 동작
148,서울,동작,상도로 354 (상도동)02-815-3205,서울 동작
149,서울,동작,사당로 4 (상도동)02-758-8153,서울 동작
150,서울,동작,"동작대로 21, 양지빌딩 1-3층 (사당동)02-758-8311",서울 동작
151,서울,마포,상암산로 76 (상암동)02-304-3752,서울 마포
152,서울,마포,토정로 295 (용강동)02-3275-3655,서울 마포
153,서울,마포,양화로 125 (서교동)02-325-3531,서울 마포
154,서울,마포,마포대로 173-14 (아현동)02-392-3555,서울 마포
155,서울,마포,마포대로 130 (공덕동)02-716-3426,서울 마포
156,서울,마포,"양화로 45 (서교동, 메세나폴리스)02-324-3587",서울 마포
157,서울,마포,양화로 178 (동교동)02-332-3516,서울 마포
158,서울,마포,독막로 311 (염리동)02-3272-3331,서울 마포
159,서울,마포,서강로 69 (창전동)02-325-3351,서울 마포
160,서울,마포,"월드컵로1길 14 (합정동) 마포한강푸르지오 110, 111, 112-202-323-3214",서울 마포
161,서울,마포,백범로 89-5 (대흥동)02-3272-3335,서울 마포
162,서울,마포,양화로 105 (서교동)02-326-5218,서울 마포
163,서울,마포,월드컵북로54길 17 (상암동)02-373-3225,서울 마포
164,서울,마포,신촌로16길 10 (노고산동)02-334-3275,서울 마포
165,서울,마포,상암산로 3402-758-8890,서울 마포
166,서울,마포,독막로 88 (상수동)02-758-8925,서울 마포
167,서울,마포,마포대로 86 (도화동) 창강빌딩02-758-8933,서울 마포
168,서울,마포,양화로 78 (서교동) 서교빌딩 1층02-758-8856,서울 마포
169,서울,마포,백범로 23 (신수동)02-758-8783,서울 마포
170,서울,마포,성암로 267 (상암동)02-758-8787,서울 마포
171,서울,마포,와우산로 83 (서교동)02-758-8786,서울 마포
172,서울,마포,"양화로 165, 상진빌딩 1층 (동교동)02-758-8672",서울 마포
173,서울,마포,"월드컵북로 22, 영준빌딩 1층 (동교동)02-758-8637",서울 마포
174,서울,마포,"마포대로 201, 마포트라팰리스II (아현동)02-758-8272",서울 마포
175,서울,마포,"와우산로 101, 정명빌딩 (서교동)02-758-8293",서울 마포
176,서울,마포,"월드컵북로 375, DMC이안오피스텔1단지 102호,202호 (상암동)02-6393-6219",서울 마포
177,서울,마포,"마포대로 45, 일진빌딩 1층 (도화동)02-758-8265",서울 마포
178,서울,마포,마포대로 68 (도화동) 마포아크로타워02-758-8217,서울 마포
179,서울,마포,와우산로 64 (상수동)02-758-8402,서울 마포
180,서울,마포,월드컵로 74 (서교동)02-758-8365,서울 마포
181,서울,마포,백범로 212 (신공덕동) 마포이마트02-758-8467,서울 마포
182,서울,마포,"양화로 45 (서교동, 메세나폴리스)02-758-8534",서울 마포
183,서울,서대문,가재울미래로 2 02-304-3724,서울 서대문
184,서울,서대문,신촌로 73 (창천동)02-336-3529,서울 서대문
185,서울,서대문,연희로 97 (연희동)02-326-3372,서울 서대문
186,서울,서대문,"신촌로35길 10 (북아현동, E편한세상신촌 4단지)02-312-3430",서울 서대문
187,서울,서대문,통일로 451 (홍제동)02-396-3383,서울 서대문
188,서울,서대문,연세로 50 (신촌동) 연세대학교02-758-8977,서울 서대문
189,서울,서대문,거북골로 53 (남가좌동)02-758-8908,서울 서대문
190,서울,서대문,연희로 144 (연희동)02-758-8893,서울 서대문
191,서울,서대문,신촌로 1 (창천동)02-758-8688,서울 서대문
192,서울,서대문,충정로 53 (충정로2가)02-758-8163,서울 서대문
193,서울,서대문,신촌로 121 (창천동)02-758-8090,서울 서대문
194,서울,서대문,연세로 10-1 (창천동)02-758-8035,서울 서대문
195,서울,서대문,이화여대길 34 (대현동)02-758-8001,서울 서대문
196,서울,서대문,"연세로 50, 연세세브란스 종합관 (신촌동)02-758-8244",서울 서대문
197,서울,서대문,이화여대길 52 (대현동) 이화여자대학교 B415호02-758-8240,서울 서대문
198,서울,서대문,연세로 35 (창천동)02-758-8439,서울 서대문
199,서울,서대문,신촌로 129 (창천동)02-758-8401,서울 서대문
200,서울,서대문,충정로 2302-758-8479,서울 서대문
201,서울,서대문,성산로 565 (대신동)02-758-8450,서울 서대문
202,서울,서대문,"명물길 24, 1-5층 (창천동)02-365-8330",서울 서대문
203,서울,서대문,"서소문로 21, 충정타워빌딩 1층 (충정로3가)02-758-8333",서울 서대문
204,서울,서초,강남대로 465 (서초동)02-534-3604,서울 서초
205,서울,서초,방배로 114 (방배동)02-3473-3576,서울 서초
206,서울,서초,신반포로 176 (반포동)02-537-3598,서울 서초
207,서울,서초,반포대로21길 3 (서초동)02-522-3533,서울 서초
208,서울,서초,남부순환로 2557 (서초동)02-3471-3545,서울 서초
209,서울,서초,강남대로 343 (서초동)02-3486-3536,서울 서초
210,서울,서초,"서초대로 3-4 (방배동, 방배디오슈페리움1)02-3476-3472",서울 서초
211,서울,서초,강남대로 595 (잠원동)02-516-3402,서울 서초
212,서울,서초,신반포로 194 (반포동)02-592-3432,서울 서초
213,서울,서초,강남대로85길 5 (반포동)02-515-3419,서울 서초
214,서울,서초,방배로 21102-536-3204,서울 서초
215,서울,서초,방배중앙로 162 (방배동)02-536-3206,서울 서초
216,서울,서초,서초대로 274 (서초동)02-523-3294,서울 서초
217,서울,서초,청계산로 203 (신원동)02-577-3253,서울 서초
218,서울,서초,방배천로 5-4(방배동)02-758-8953,서울 서초
219,서울,서초,사평대로 205 (반포동) CENTRALCITY02-758-8790,서울 서초
220,서울,서초,서초중앙로 138 (서초동) 우림빌딩02-758-8757,서울 서초
221,서울,서초,강남대로 202 (양재동) 모산빌딩02-758-8816,서울 서초
222,서울,서초,강남대로 557 (잠원동) 1~2층02-758-8819,서울 서초
223,서울,서초,동작대로 112 (방배동)02-758-8794,서울 서초
224,서울,서초,방배로 184 (방배동) 대풍빌딩02-758-8740,서울 서초
225,서울,서초,서초대로74길 29 (서초동) 서초파라곤02-758-8716,서울 서초
226,서울,서초,남부순환로 2395 (서초동) 호경빌딩02-758-8738,서울 서초
227,서울,서초,서초중앙로 22502-758-8715,서울 서초
228,서울,서초,신반포로 176 (반포동)02-758-8656,서울 서초
229,서울,서초,서초대로78길 24 (서초동)02-758-8213,서울 서초
230,서울,서초,방배로 84 (방배동)02-758-8086,서울 서초
231,서울,서초,신반포로 257 (잠원동) 신반포11차상가02-758-8141,서울 서초
232,서울,서초,"서초중앙로 26, 래미안서초유니빌 1층 101호 (서초동)02-758-8085",서울 서초
233,서울,서초,잠원로 69 (잠원동) 킴스클럽02-758-8032,서울 서초
234,서울,서초,"서초대로77길 27, 유빌딩 1,2층 (서초동)02-758-8081",서울 서초
235,서울,서초,서초중앙로 118 (서초동)02-758-8073,서울 서초
236,서울,서초,"매헌로 16, 리빙관 101호 (양재동)02-2155-4117",서울 서초
237,서울,서초,강남대로 483 (반포동) 청호빌딩02-758-8756,서울 서초
238,서울,서초,"논현로 139, 대흥빌딩 (양재동)02-758-8291",서울 서초
239,서울,서초,효령로 274 (서초동)02-758-8229,서울 서초
240,서울,서초,서래로 48 (반포동)02-3482-8257,서울 서초
241,서울,서초,강남대로 399 (서초동)02-758-8225,서울 서초
242,서울,서초,반포대로 118 (서초동)02-758-8289,서울 서초
243,서울,서초,"남부순환로323길 1, 1층 (서초동)02-758-8313",서울 서초
244,서울,서초,서초중앙로 164 (서초동)02-758-8400,서울 서초
245,서울,서초,"서초대로 411, GT타워 (서초동)02-758-8477",서울 서초
246,서울,서초,"남부순환로339길 64, 현우빌딩 1층 (서초동)02-758-8459",서울 서초
247,서울,서초,"서초중앙로 64, 1층 (서초동)02-758-8332",서울 서초
248,서울,서초,"서초대로77길 62, 강남역아이파크 B102~B105 (서초동)02-758-8587",서울 서초
249,서울,성북,종암로 17 (종암동)02-925-3469,서울 성북
250,서울,성북,동소문로 314 (하월곡동)02-913-3364,서울 성북
251,서울,성북,보문로34길 62 (동선동2가)02-922-3281,서울 성북
252,서울,성북,종암로 122 (종암동)02-758-8980,서울 성북
253,서울,성북,동소문로 10 (동소문동2가)02-758-8714,서울 성북
254,서울,성북,"화랑로 76, 101-1호 (하월곡동)02-758-8608",서울 성북
255,서울,성북,인촌로24길 51 (안암동5가)02-758-8067,서울 성북
256,서울,성북,"동소문로 315, 현대백화점미아점 지하 1층 (길음동)02-758-8203",서울 성북
257,서울,성북,동소문로24길 12 (동선동1가)02-758-8499,서울 성북
258,서울,성북,인촌로 102-2 (안암동5가)02-758-8541,서울 성북
259,서울,성북,성북로 11 (성북동1가)02-758-8455,서울 성북
260,서울,송파,오금로 142 (송파동)02-421-3622,서울 송파
261,서울,송파,올림픽로 289 (신천동)02-417-3614,서울 송파
262,서울,송파,송파대로 201 (문정동)02-881-5012,서울 송파
263,서울,송파,오금로 420 (가락동)02-401-3574,서울 송파
264,서울,송파,"송파대로 111 (문정동, 파크하비오) 204동 104호~107호02-401-3431",서울 송파
265,서울,송파,"송파대로 167 (문정동)테라타워 B동 137호~139호,204호02-2054-3836",서울 송파
266,서울,송파,올림픽로35길 141 (신천동)02-416-0020,서울 송파
267,서울,송파,"위례광장로 230 (장지동, 위례2차아이파크)02-3012-3457",서울 송파
268,서울,송파,오금로 241 (방이동)02-414-3269,서울 송파
269,서울,송파,오금로 87 (방이동)02-2145-0300,서울 송파
270,서울,송파,위례성대로 38 (방이동) 해태그린피아빌라트02-758-8983,서울 송파
271,서울,송파,법원로 55 (문정동)02-409-3245,서울 송파
272,서울,송파,송파대로 386 (송파동)02-758-8931,서울 송파
273,서울,송파,석촌호수로 176 (삼전동)02-758-8874,서울 송파
274,서울,송파,동남로 141 (가락동)02-758-8860,서울 송파
275,서울,송파,중대로 68 (문정동)02-758-8793,서울 송파
276,서울,송파,위례성대로 102 (방이동)02-758-8769,서울 송파
277,서울,송파,"마천로 53, 1~2층 (오금동)02-758-8698",서울 송파
278,서울,송파,석촌호수로 262 (송파동)02-758-8693,서울 송파
279,서울,송파,"올림픽로35가길 9, 잠실푸르지오월드마크 1층 (신천동)02-758-8652",서울 송파
280,서울,송파,올림픽로 96 (잠실동)02-758-8643,서울 송파
281,서울,송파,"송파대로 562, 한빛프라자 1층, 2층 (신천동)02-758-8077",서울 송파
282,서울,송파,"올림픽로 212, 갤러리아 팰리스 (잠실동)02-758-8118",서울 송파
283,서울,송파,백제고분로 69 (잠실동)02-758-8124,서울 송파
284,서울,송파,양재대로 1222 (방이동)02-758-8580,서울 송파
285,서울,송파,송파대로30길 13 (가락동)02-758-8495,서울 송파
286,서울,송파,"백제고분로 358, 1층 (석촌동)02-758-8350",서울 송파
287,서울,송파,"중대로 121, 롯데캐슬 파인힐 1층 (가락동)02-758-8469",서울 송파
288,서울,송파,충민로 10 (문정동) 가든파이브툴02-758-8406,서울 송파
289,서울,양천,공항대로 566 (목동) 1층 2층02-2645-3631,서울 양천
290,서울,양천,목동동로 309 (목동)02-2643-3652,서울 양천
291,서울,양천,신월로 341 (신정동)02-2604-3441,서울 양천
292,서울,양천,목동로 203 (신정동) 1층일부02-2602-3505,서울 양천
293,서울,양천,"오목로 279 (목동) 102,103,104,105호02-2642-3326",서울 양천
294,서울,양천,목동서로 299 (신정동)02-2061-3381,서울 양천
295,서울,양천,오목로 354 (목동)02-758-8941,서울 양천
296,서울,양천,남부순환로 430 (신월동)02-758-8930,서울 양천
297,서울,양천,목동서로 213 (목동) 세신비젼프라자02-758-8842,서울 양천
298,서울,양천,오목로 300 (목동)02-758-8610,서울 양천
299,서울,양천,"목동동로 411, 1동 116호(목동, 부영그린타운3차)02-758-8615",서울 양천
300,서울,양천,목동서로 67 (목동) 우성에펠타운02-758-8099,서울 양천
301,서울,양천,"목동동로 257, 현대백화점목동점 지하 2층 (목동)02-2163-1750",서울 양천
302,서울,양천,"목동서로 155, 목동파라곤 1층 (목동)02-758-8353",서울 양천
303,서울,영등포,여의대방로 376 (여의도동)02-780-3743,서울 영등포
304,서울,영등포,경인로 870 (영등포동1가)02-2068-3692,서울 영등포
305,서울,영등포,양평로 22 (당산동6가)02-2631-3397,서울 영등포
306,서울,영등포,국제금융로 10 (여의도동) 지하1층 178호02-6137-5178,서울 영등포
307,서울,영등포,의사당대로 26 (여의도동)02-782-3470,서울 영등포
308,서울,영등포,국제금융로6길 38 (여의도동)02-782-3565,서울 영등포
309,서울,영등포,국회대로 786 (여의도동)02-761-3466,서울 영등포
310,서울,영등포,영중로 119 (영등포동8가)02-2671-3369,서울 영등포
311,서울,영등포,여의공원로 101 (여의도동)02-3775-3359,서울 영등포
312,서울,영등포,의사당대로 8 (여의도동)02-780-3346,서울 영등포
313,서울,영등포,양평로 115 (양평동4가)02-2634-3258,서울 영등포
314,서울,영등포,의사당대로 83 (여의도동) 한국휴렛팩커드빌딩02-761-3236,서울 영등포
315,서울,영등포,선유동2로 57 (양평제1동) 이레빌딩02-2068-3224,서울 영등포
316,서울,영등포,국제금융로 86 (여의도동) 롯데캐슬 아이비02-758-8875,서울 영등포
317,서울,영등포,의사당대로 147 (여의도동) 알리안츠타워02-758-8834,서울 영등포
318,서울,영등포,신길로 137 (신길동)02-758-8813,서울 영등포
319,서울,영등포,당산로 34 (문래동3가)02-758-8833,서울 영등포
320,서울,영등포,양평로 64 (당산동6가)02-758-8713,서울 영등포
321,서울,영등포,국제금융로6길 7 (여의도동) 한양증권02-758-8711,서울 영등포
322,서울,영등포,은행로 11 (여의도동) 1층 1부02-758-8695,서울 영등포
323,서울,영등포,"영중로 9, 신세계백화점 B관 지하2층 (영등포동4가)02-2639-4072",서울 영등포
324,서울,영등포,경인로 775 (문래동3가) 에이스하이테크시티02-758-8210,서울 영등포
325,서울,영등포,"당산로 231, 대원빌딩 1,2층 (당산동6가)02-758-8270",서울 영등포
326,서울,영등포,국회대로70길 15-1 (여의도동)02-758-8008,서울 영등포
327,서울,영등포,국제금융로2길 28 (여의도동)02-758-8007,서울 영등포
328,서울,영등포,"국제금융로 56, 대우증권빌딩 1층 (여의도동)02-758-8052",서울 영등포
329,서울,영등포,의사당대로 127 (여의도동) 롯데캐슬앰파이어 1층 104호02-758-8127,서울 영등포
330,서울,영등포,"선유로 64, 대창타운빌 1층 (문래동3가)02-758-8324",서울 영등포
331,서울,영등포,"영중로 9, 신세계백화점 B관 1층 (영등포동4가)02-2639-4058",서울 영등포
332,서울,영등포,"여의대방로65길 24, 호성빌딩 1층 (여의도동)02-758-8379",서울 영등포
333,서울,영등포,"영중로 15, 타임스퀘어 단지 지하2층 (영등포동4가)02-758-8415",서울 영등포
334,서울,영등포,영등포로 254 (영등포동3가)02-758-8335,서울 영등포
335,서울,영등포,영중로 15 (영등포동4가) 타임스퀘어02-758-8303,서울 영등포
336,서울,영등포,"국회대로74길 12, 남중빌딩 1층 (여의도동)02-758-8348",서울 영등포
337,서울,영등포,국제금융로 10 (여의도동)02-6137-9955,서울 영등포
338,서울,은평,통일로 715 02-352-3711,서울 은평
339,서울,은평,진관3로 21 은평엘크루 101동 105-108호02-389-3557,서울 은평
340,서울,은평,통일로 842 (불광동)02-358-3491,서울 은평
341,서울,은평,통일로 867 (갈현동)02-388-3348,서울 은평
342,서울,은평,진관2로 1202-758-8934,서울 은평
343,서울,은평,은평로 170 (응암동)02-758-8762,서울 은평
344,서울,은평,은평로 111 (응암동)02-758-8139,서울 은평
345,서울,은평,연서로 146 (대조동)02-758-8515,서울 은평
346,서울,종로,율곡로2길 25 (수송동)02-730-3742,서울 종로
347,서울,종로,대학로12길 4 1~2층02-742-3673,서울 종로
348,서울,종로,새문안로3길 15 (당주동)02-730-3761,서울 종로
349,서울,종로,평창12길 3 (평창동)02-396-3631,서울 종로
350,서울,종로,종로 6 (서린동)02-733-3592,서울 종로
351,서울,종로,종로 51 (종로2가)02-722-3507,서울 종로
352,서울,종로,통일로 168-1 (교남동)02-737-3544,서울 종로
353,서울,종로,새문안로5가길 28 (적선동)02-722-3549,서울 종로
354,서울,종로,"종로 344 (숭인동, 대우디오빌) 101호 일부, 201호 일부02-2234-4265",서울 종로
355,서울,종로,삼봉로 71 (수송동)02-6281-3272,서울 종로
356,서울,종로,북촌로4길 23 (계동)02-758-8827,서울 종로
357,서울,종로,종로5길 30 (청진동) 1~3층02-758-8818,서울 종로
358,서울,종로,새문안로 92 (신문로1가) 광화문오피시아빌딩02-758-8788,서울 종로
359,서울,종로,북촌로 5-1 (재동)02-758-8779,서울 종로
360,서울,종로,삼청로 111-1 (삼청동)02-758-8771,서울 종로
361,서울,종로,종로3길 17 (청진동) D타워02-758-8954,서울 종로
362,서울,종로,돈화문로 13 (관수동) 서울극장02-758-8269,서울 종로
363,서울,종로,"새문안로5길 55, 노스게이트빌딩 1층 (적선동)02-758-8050",서울 종로
364,서울,종로,인사동길 14 (인사동)02-758-8022,서울 종로
365,서울,종로,청계천로 41 (서린동) 영풍빌딩02-758-8083,서울 종로
366,서울,종로,"세종대로 167, 현대해상본사사옥 별관내 (세종로)02-758-8036",서울 종로
367,서울,종로,창경궁로 235 (명륜3가)02-758-8249,서울 종로
368,서울,종로,사직로8길 4 (사직동) 광화문 풍림스페이스본02-758-8235,서울 종로
369,서울,종로,종로 183 (인의동) 효성주얼리시티02-6744-4882,서울 종로
370,서울,종로,종로 64 (종로2가)02-758-8169,서울 종로
371,서울,종로,삼일대로19길 20 (관철동)02-758-8168,서울 종로
372,서울,종로,청계천로 59 (관철동)02-758-8154,서울 종로
373,서울,종로,동숭길 110 (동숭동)02-758-8430,서울 종로
374,서울,종로,"종로12길 21, 2층 (관철동)02-758-8360",서울 종로
375,서울,종로,"자하문로4길 6, 1층 (통의동)02-758-8359",서울 종로
376,서울,종로,종로1길 42 (수송동)02-758-8405,서울 종로
377,서울,종로,대명길 5 (명륜4가)02-758-8316,서울 종로
378,서울,종로,"대학로 116, 1-2층 (동숭동)02-758-8315",서울 종로
379,서울,종로,"종로 113-1, 1-4층 (종로3가)02-758-8339",서울 종로
380,서울,종로,"대학로 57, 홍익대학교 대학로캠퍼스 內 (연건동)02-758-8558",서울 종로
381,서울,종로,삼일대로 403-1 (인사동)02-758-8548,서울 종로
382,서울,종로,"율곡로 6, B동 101호(중학동, 트윈트리타워)02-758-8386",서울 종로
383,서울,종로,삼일대로20길 13 (관수동)02-758-8560,서울 종로
384,서울,중구,세종대로12길 12 (남대문로4가)02-3789-3661,서울 중구
385,서울,중구,세종대로 39 상공회의소회관 1층02-6050-1180,서울 중구
386,서울,중구,명동9길 16 (명동1가)02-3789-3640,서울 중구
387,서울,중구,을지로 251 (을지로6가)02-2269-3667,서울 중구
388,서울,중구,서애로 1길 1102-2269-3296,서울 중구
389,서울,중구,소공로 63 (충무로1가)02-310-1514,서울 중구
390,서울,중구,을지로 51 (을지로2가)02-754-3429,서울 중구
391,서울,중구,퇴계로 18 (남대문로5가)02-6366-1381,서울 중구
392,서울,중구,장충단로 229 (광희동1가)02-2279-3345,서울 중구
393,서울,중구,남대문로 109 (다동)02-752-3464,서울 중구
394,서울,중구,장충단로 166 (장충동1가)02-2264-3364,서울 중구
395,서울,중구,다산로 258 (흥인동)02-2253-3318,서울 중구
396,서울,중구,통일로 10 (남대문로5가)02-2259-3331,서울 중구
397,서울,중구,퇴계로 72 (회현동) 리더스뷰남산02-758-8986,서울 중구
398,서울,중구,남대문로10길 9 (삼각동) 경기빌딩02-758-8981,서울 중구
399,서울,중구,삼일대로 358 (을지로2가)02-6250-8280,서울 중구
400,서울,중구,퇴계로 77 (충무로1가)02-310-1431,서울 중구
401,서울,중구,소공로 70 (충무로 1가) 서울 중앙 우체국02-758-8979,서울 중구
402,서울,중구,세종대로 124 (태평로1가)02-722-3263,서울 중구
403,서울,중구,명동길 60 (명동 2가)02-758-8903,서울 중구
404,서울,중구,다산로 129 (신당동)02-758-8862,서울 중구
405,서울,중구,수표로 34 (저동2가)02-758-8857,서울 중구
406,서울,중구,명동10길 4102-758-8849,서울 중구
407,서울,중구,세종대로18길 32 (소공동) 삼원빌딩02-758-8843,서울 중구
408,서울,중구,서소문로 120 (서소문동) 대한빌딩02-758-8832,서울 중구
409,서울,중구,"퇴계로 385, 1층 (흥인동)02-758-8669",서울 중구
410,서울,중구,명동9가길 14 (을지로1가) 메트로호텔02-758-8764,서울 중구
411,서울,중구,"세종대로 17, 와이즈타워 1층 (남대문로5가)02-758-8087",서울 중구
412,서울,중구,"칠패로 27, 1층 (순화동)02-758-8209",서울 중구
413,서울,중구,퇴계로 212 (필동 2가)02-758-8030,서울 중구
414,서울,중구,소공로 112 (소공동)02-758-8140,서울 중구
415,서울,중구,무교로 21 (무교동) 코오롱빌딩 1층02-758-8037,서울 중구
416,서울,중구,새문안로 22 (충정로1가) 문화일보02-758-8047,서울 중구
417,서울,중구,"세종대로 72, 대영빌딩 1층 (태평로2가)02-758-8039",서울 중구
418,서울,중구,"세종대로9길 41, 퍼시픽타워 1층 (서소문동)02-758-8079",서울 중구
419,서울,중구,"소월로 10, 단암빌딩 (남대문로5가)02-758-8306",서울 중구
420,서울,중구,청계천로 400 (황학동) 롯데캐슬베네치아02-2048-5257,서울 중구
421,서울,중구,서소문로 130 (서소문동)02-758-8181,서울 중구
422,서울,중구,"명동 7길 8, 2층 (명동 1가)02-758-8318",서울 중구
423,서울,중구,을지로5길 16 삼화타워1층02-758-8483,서울 중구
424,서울,중구,"남대문로7길 19, 삼영빌딩 1층 일부 (소공동)02-758-8569",서울 중구
425,서울,중구,서소문로 99 (서소문동)02-758-8409,서울 중구
426,서울,중구,"을지로 50, 1층 (을지로 2가)02-758-8385",서울 중구
427,서울,중구,통일로 92 (순화동) 에이스타워빌딩02-758-8372,서울 중구
428,서울,중구,"을지로 19, 삼성화재삼성빌딩 1층 (을지로1가)02-758-8504",서울 중구
429,서울,중구,"을지로 19, 삼성화재삼성빌딩 1층 (을지로1가)02-758-8505",서울 중구
430,서울,중구,"퇴계로 197, 충무빌딩 1층 (필동 2가)02-758-8395",서울 중구
431,서울,중구,"퇴계로 101, 건물 전체 (충무로 1가)02-758-8562",서울 중구
432,서울,중구,퇴계로 100 (회현동2가)02-758-8539,서울 중구
433,서울,중구,남대문로 68-1 (명동2가)02-758-8506,서울 중구
434,서울,강동,양재대로 1647 (명일동)02-427-3681,서울 강동
435,서울,강동,성내로 32 (성내동)02-489-3652,서울 강동
436,서울,강동,고덕로 43 (암사동)02-426-3583,서울 강동
437,서울,강동,"천호대로 1089 (천호동, 강동 헤르셔)02-477-3319",서울 강동
438,서울,강동,양재대로 1303 (성내동) 평원빌딩02-478-3240,서울 강동
439,서울,강동,천호대로 1037 (천호동)02-758-8923,서울 강동
440,서울,강동,천호대로 1015-14 (천호동) 이마트별관02-758-8732,서울 강동
441,서울,강동,양재대로 1487 (길동)02-758-8776,서울 강동
442,서울,강동,"상일로10길 36, 1~2층 (상일동)02-758-8670",서울 강동
443,서울,강동,강동대로 171 (성내동)02-758-8761,서울 강동
444,서울,강동,"천호대로 1012, 태승빌딩 (성내동)02-758-8296",서울 강동
445,서울,강동,동남로75길 5 (명일동) 명일이마트별관주차장02-758-8752,서울 강동
446,서울,강동,"양재대로 1441, 1층 (길동)02-758-8342",서울 강동
447,서울,구로,경인로 610 (신도림동)02-2635-3516,서울 구로
448,서울,구로,디지털로32길 30 (구로동)02-2103-5088,서울 구로
449,서울,구로,경인로 216 (오류동)02-758-8775,서울 구로
450,서울,구로,"디지털로33길 11, 에이스테크노8차 1층 (구로동)02-758-8655",서울 구로
451,서울,구로,"디지털로31길 61, 신세계디지털센터 101호 (구로동)02-758-8092",서울 구로
452,서울,구로,"디지털로 285, 에이스트윈타워1차 103호 (구로동)02-758-8161",서울 구로
453,서울,구로,"디지털로26길 5, 에이스하이엔드타워1차 103호 (구로동)02-758-8340",서울 구로
454,서울,구로,경인로 662 (신도림동)02-2210-9237,서울 구로
455,서울,구로,"디지털로32길 72, 구로호텔 1층 (구로동)02-758-8555",서울 구로
456,서울,구로,경인로 662 (신도림동)02-2210-9797,서울 구로
457,서울,동대문,천호대로 263 (답십리동)02-2245-3417,서울 동대문
458,서울,동대문,회기로 141 (회기동)02-959-3391,서울 동대문
459,서울,동대문,이문로 93 (이문동)02-965-3373,서울 동대문
460,서울,동대문,왕산로 19 (신설동)02-758-8942,서울 동대문
461,서울,동대문,이문로 37 (회기동)02-758-8767,서울 동대문
462,서울,동대문,휘경로 12-1 (이문동)02-758-8132,서울 동대문
463,서울,동대문,장한로 10 (장안동)02-758-8475,서울 동대문
464,서울,동대문,경희대로 16-1 (회기동)02-758-8351,서울 동대문
465,서울,성동,아차산로 42 (성수동1가)02-469-3488,서울 성동
466,서울,성동,"왕십리로 410 (하왕십리동, 센트라스)02-2294-3409",서울 성동
467,서울,성동,성수이로 94 (성수동2가)02-469-3460,서울 성동
468,서울,성동,왕십리로 382 (하왕십리동)02-2294-3342,서울 성동
469,서울,성동,왕십리로 326 (도선동)02-758-8900,서울 성동
470,서울,성동,행당동 왕십리로 241 B1층02-758-8846,서울 성동
471,서울,성동,왕십리로 225 (행당동)02-758-8015,서울 성동
472,서울,성동,왕십리광장로 17 (행당동)02-2200-6250,서울 성동
473,서울,성동,뚝섬로 379 (성수동2가) 이마트 성수점02-758-8282,서울 성동
474,서울,용산,이태원로 188 (이태원동)02-798-9780,서울 용산
475,서울,용산,이태원로 252 (한남동)02-797-3556,서울 용산
476,서울,용산,"한강대로 69 (한강로2가, 용산푸르지오써밋)02-749-3550",서울 용산
477,서울,용산,이촌로 276 (이촌동)02-3785-3518,서울 용산
478,서울,용산,"한강대로 95 (한강로2가, 래미안용산)02-794-3487",서울 용산
479,서울,용산,"서빙고로 67 (용산동5가, 파크타워)02-3785-3386",서울 용산
480,서울,용산,한강대로 275 (갈월동)02-3275-3320,서울 용산
481,서울,용산,독서당로 94 (한남동)070-7831-9088,서울 용산
482,서울,용산,남산공원길 105 (용산동2가) YTN서울타워 1층02-319-3246,서울 용산
483,서울,용산,한강대로 372 (동자동)02-758-8734,서울 용산
484,서울,용산,"이태원로 213, 1,2층 (한남동)02-758-8622",서울 용산
485,서울,용산,대사관로 67 (한남동)02-758-8600,서울 용산
486,서울,용산,청파로47길 57 (청파동3가)02-758-8191,서울 용산
487,서울,용산,장문로 12 (동빙고동)02-798-8262,서울 용산
488,서울,용산,한강대로 291 (갈월동)02-758-8377,서울 용산
489,서울,용산,한강대로23길 5502-2012-2907,서울 용산
490,서울,용산,이촌로 198 (이촌동)02-758-8368,서울 용산
491,서울,중랑,"상봉로 131 (상봉동, 상봉 듀오트리스 주상복합)02-438-5223",서울 중랑
492,서울,중랑,망우로30길 3 (상봉동)02-758-8935,서울 중랑
493,서울,중랑,신내로 7202-758-8887,서울 중랑
494,서울,중랑,면목로 31002-758-8823,서울 중랑
495,서울,중랑,"망우로 307, ,3,4번지 (상봉동)02-758-8486",서울 중랑
496,서울,중랑,"동일로 932, 묵동이마트 B1층 (묵동)02-758-8370",서울 중랑
497,경기,고양,일산동구 무궁화로 294 (풍동)031-903-3601,고양
498,경기,고양,일산동구 식사동 814 경기도 고양시 일산동구 동국로 27031-961-9180,고양
499,경기,고양,일산동구 백마로 475 (풍동)031-903-3461,고양
500,경기,고양,일산동구 강송로 33 (백석동)031-849-6688,고양
501,경기,고양,일산동구 위시티2로11번길 31 (식사동)031-968-8814,고양
502,경기,고양,일산동구 무궁화로 237 (중산동)031-977-8795,고양
503,경기,고양,"일산동구 중앙로 1054, 1층 (백석동)031-903-8618",고양
504,경기,고양,일산동구 중앙로 1059 (백석동)031-907-6755,고양
505,경기,고양,일산동구 중앙로1275번길 38-9 (장항동)031-908-8625,고양
506,경기,고양,일산동구 일산로 237 (마두동)031-904-7968,고양
507,경기,고양,일산동구 정발산로 24 (장항동)031-931-5283,고양
508,경기,고양,일산동구 중앙로 1191 (장항동)031-907-6482,고양
509,경기,고양,"일산동구 정발산로 이스턴시티 38번지 116,117호031-904-7521",고양
510,경기,과천,중앙로 277 (중앙동)02-504-3497,과천
511,경기,과천,별양상가3로 11 이마트 1층(별양동)02-758-8033,과천
512,경기,과천,"중앙로 129, 고려빌딩 1층 (중앙동)02-758-8369",과천
513,경기,광명,범안로 1036 (하안동)02-897-3672,광명
514,경기,광명,"양지로 16 (일직동, 광명역써밋플레이스)02-898-3617",광명
515,경기,광명,오리로 361 (소하동)02-898-3671,광명
516,경기,광명,금하로 464 (소하동)02-897-3386,광명
517,경기,광명,광명로 907 (광명동)02-2619-3389,광명
518,경기,광명,디지털로 17 (철산1동) 가림빌딩02-2689-3192,광명
519,경기,광명,범안로 1060 (하안동)02-758-8825,광명
520,경기,광명,오리로 865 (철산동)02-2625-5466,광명
521,경기,광주,오포읍 태재로 37 031-717-3566,광주
522,경기,광주,광주대로 35 (경안동)031-765-9893,광주
523,경기,구리,경춘북로252 A101 031-572-3631,구리
524,경기,구리,"건원대로 67, 1층 (인창동)031-568-8682",구리
525,경기,구리,"검배로 5, 우진빌딩 (수택동)031-567-8593",구리
526,경기,군포,고산로701 031-392-3638,군포
527,경기,군포,"산본로343번길 9, 성진빌딩 1층 (산본동)031-391-8216",군포
528,경기,군포,"번영로 497, 금화프라자 1층 (산본동)031-392-8435",군포
529,경기,군포,"산본로 398, 태주빌딩 2층031-398-9447",군포
530,경기,남양주,진접읍 해밀예당1로27 031-529-3642,남양주
531,경기,남양주,진접읍 금강로 1477 031-529-3287,남양주
532,경기,남양주,와부읍 경강로 772 031-577-3227,남양주
533,경기,남양주,별내5로5번길 15 (별내동)031-575-3328,남양주
534,경기,남양주,경춘로 1269031-591-5938,남양주
535,경기,남양주,별내중앙로 64 1-2층031-572-1861,남양주
536,경기,남양주,"늘을1로16번길 25, 성보빌딩 (호평동)031-595-4597",남양주
537,경기,부천,소사구 경인로 485032-349-7884,부천
538,경기,부천,원미구 석천로 188 (중동)032-327-3356,부천
539,경기,부천,"원미구 길주로 180, 현대백화점부천중동점 중동점 지하1층 (중동)032-623-2872",부천
540,경기,부천,원미구 조마루로 2 (상동)032-220-7988,부천
541,경기,부천,"원미구 부일로 204, 루치올라빌딩 (상동)032-323-8434",부천
542,경기,부천,"원미구 부천로 7, 1,2층 (심곡동)032-612-8531",부천
543,경기,부천,원미구 상동로 87 (상동)032-325-8433,부천
544,경기,성남,분당구 판교역로 152 (백현동)031-622-7191,성남
545,경기,성남,"분당구 동판교로177번길 25 (삼평동, 판교 호반 써밋 플레이스)031-702-3603",성남
546,경기,성남,분당구 성남대로925번길 16 (야탑동)031-705-3449,성남
547,경기,성남,분당구 이매로 15 (이매동)031-8017-3439,성남
548,경기,성남,분당구 새마을로175번길 4 (율동)031-703-3403,성남
549,경기,성남,분당구 정자로 82 (정자동)031-712-3290,성남
550,경기,성남,분당구 대왕판교로606번길 10 (백현동 알파돔시티)031-703-3531,성남
551,경기,성남,분당구 운중로 132 (운중동)031-8017-1927,성남
552,경기,성남,분당구 판교로 227번길 6 (삼평동)031-8016-6912,성남
553,경기,성남,분당구 판교로 372 (삼평동)031-8017-7902,성남
554,경기,성남,분당구 판교역로 192번길 14 (삼평동)031-8017-7589,성남
555,경기,성남,분당구 황새울로360번길 19 (서현동) 금화빌딩031-8017-8773,성남
556,경기,성남,"분당구 대왕판교로606번길 58, 판교푸르지오월드마크 1층 (삼평동)031-8016-5666",성남
557,경기,성남,분당구 성남대로 151 (구미동)031-724-1337,성남
558,경기,성남,분당구 수내로46번길 12 (수내동) 코아빌딩031-715-9708,성남
559,경기,성남,분당구 성남대로343번길 12-2 (정자동)031-719-1945,성남
560,경기,성남,분당구 분당로 43 (서현동)031-708-6758,성남
561,경기,성남,"분당구 야탑로81번길 11, 뉴코아 야탑점 아울렛 1층 (야탑동)031-702-0385",성남
562,경기,성남,분당구 돌마로 43 (금곡동) 메디파크빌딩031-714-9753,성남
563,경기,성남,"분당구 황새울로 234, 분당트라팰리스 (수내동)031-718-2079",성남
564,경기,성남,"분당구 정자일로213번길 18, 201동 101호(정자동, 성원상떼뷰)031-714-8264",성남
565,경기,성남,"분당구 황새울로359번길 11, 미래에셋빌딩 1층 (서현동)031-705-8247",성남
566,경기,성남,분당구 성남대로916번길 11 (야탑동)031-8016-8416,성남
567,경기,성남,"분당구 정자일로 166, SPG센터 (정자동)031-8022-8559",성남
568,경기,성남,"분당구 구미로173번길 82, 분당서울대학교병원 신관 4층 (구미동)031-716-6583",성남
569,경기,성남,"분당구 구미로173번길 82, 분당서울대학교병원 신관 1층 (구미동)031-715-6581",성남
570,경기,성남,분당구 황새울로335번길 5 (서현동)031-696-1203,성남
571,경기,성남,"분당구 서현로210번길 20, 1층 (서현동)031-8016-7387",성남
572,경기,성남,"분당구 성남대로 32, 1층 (구미동)031-719-8349",성남
573,경기,성남,"분당구 성남대로 393, 두산위브파빌리온 1층 (정자동)031-784-9670",성남
574,경기,성남,"분당구 백현로101번길 30, 1-2층 (수내동)031-714-8308",성남
575,경기,성남,분당구 성남대로 275 (정자동)031-715-9461,성남
576,경기,성남,분당구 불정로 134 (정자동)031-716-8397,성남
577,경기,성남,"분당구 판교역로 231, 에이치스퀘어 (삼평동)031-8018-4436",성남
578,경기,성남,분당구 성남대로 45 (구미동)031-714-9525,성남
579,경기,성남,"분당구 판교역로 230, 판교 삼환 HIPEX (삼평동)031-696-0308",성남
580,경기,성남,중원구 산성대로426번길 2 (금광동)031-734-3765,성남
581,경기,성남,중원구 산성대로 340-1 (중앙동)031-743-8830,성남
582,경기,수원,"권선구 서수원로577번길 305 (금곡동, 수원모아미래도센트럴타운2단지)031-292-3615",수원
583,경기,수원,권선구 매송고색로 543 (오목천동)031-295-3425,수원
584,경기,수원,권선구 동수원로177번길 40 (권선동)031-222-3468,수원
585,경기,수원,권선구 경수대로 270 (권선동)031-207-1268,수원
586,경기,수원,권선구 효원로 274 (권선동)031-238-8392,수원
587,경기,수원,장안구 경수대로 1038 (파장동)031-251-3550,수원
588,경기,수원,장안구 덕영대로535번길 46 (천천동)031-269-3597,수원
589,경기,수원,"장안구 서부로 2131, 1층 4,5,6호 2층1,2호 (율전동)031-292-7571",수원
590,경기,수원,팔달구 권광로 265 (인계동)031-215-3477,수원
591,경기,수원,팔달구 인계로94번길 3 (인계동)031-236-2801,수원
592,경기,수원,팔달구 권광로 132 (인계동)031-224-5877,수원
593,경기,수원,팔달구 매산로 11 (매산로1가)031-243-1972,수원
594,경기,수원,팔달구 중부대로 161 (우만동) 유성주유소031-212-4969,수원
595,경기,수원,팔달구 권광로 199 (인계동)031-226-8544,수원
596,경기,수원,팔달구 월드컵로 205 (우만동)031-215-4516,수원
597,경기,시흥,"서울대학로278번길 43-13 (정왕동) 106호, 107호, 108호031-498-3519",시흥
598,경기,시흥,비둘기공원로 10 (대야동)031-435-3497,시흥
599,경기,시흥,서해안로 699 (정왕동)031-8072-3672,시흥
600,경기,시흥,서해안로 699 (정왕동)031-8072-3638,시흥
601,경기,시흥,중심상가2길 20-5 (정왕동)031-434-8550,시흥
602,경기,안산,단원구 고잔로 72 (고잔동)031-405-3597,안산
603,경기,안산,단원구 적금로 120 (고잔동)031-414-3437,안산
604,경기,안산,단원구 원포공원1로 46 (초지동) 이마트031-405-9839,안산
605,경기,안산,"단원구 광덕대로 154, ,771-4 로데오타운1층 (고잔동)031-405-0678",안산
606,경기,안산,"단원구 고잔로 102, 스타타워 1층 (고잔동)031-410-9658",안산
607,경기,안산,단원구 중앙대로 907 (고잔동)031-439-8214,안산
608,경기,안산,단원구 중앙대로 397 (신길동)031-494-4507,안산
609,경기,안성,중앙로 308 (석정동)031-671-3610,안성
610,경기,안성,"중앙로 395, 1층 1~2층 (대천동)031-671-9565",안성
611,경기,안양,동안구 관악대로 234 (비산동)031-387-3537,안양
612,경기,안양,동안구 시민대로 180 (호계동)031-340-8940,안양
613,경기,안양,동안구 엘에스로 23-8 (호계동)031-451-3254,안양
614,경기,안양,동안구 평촌대로 123 (호계동)031-476-3325,안양
615,경기,안양,동안구 관평로 182 (관양동)031-388-6889,안양
616,경기,안양,동안구 시민대로 311 금강스마트 빌딩 1층(관양동1746)031-426-8918,안양
617,경기,안양,동안구 경수대로 821 (비산동)031-441-8940,안양
618,경기,안양,"동안구 시민대로 230, 평촌아크로타워상가동 2층 8호 (관양동)031-387-8201",안양
619,경기,안양,동안구 평촌대로 223 (호계동)031-381-8399,안양
620,경기,안양,"동안구 흥안대로 519, 아이퍼스트타워 1~2층 (관양동)031-425-7566",안양
621,경기,안양,만안구 장내로 149번길 (안양동)53031-441-8960,안양
622,경기,안양,만안구 경수대로 1397 (석수동)031-474-8928,안양
623,경기,안양,만안구 안양로292번길 36 (안양동)031-443-0346,안양
624,경기,양주,회천남로 76 (옥정동)031-863-3781,양주
625,경기,양주,독바위로 35 (덕정동)031-862-3668,양주
626,경기,양주,부흥로 1872 (광사동)031-821-3545,양주
627,경기,양주,고읍남로 20 (광사동)031-821-8952,양주
628,경기,오산,"경기대로 50, B동 (갈곶동)031-376-3561",오산
629,경기,오산,원동로 74(원동)031-374-7904,오산
630,경기,오산,운천로 61031-376-8872,오산
631,경기,용인,기흥구 중부대로 769-6 (상하동)031-286-3575,용인
632,경기,용인,"기흥구 기흥역로 63 (구갈동, 기흥역 힐스테이트)031-282-3715",용인
633,경기,용인,기흥구 용구대로 1877 (보라동)031-282-3551,용인
634,경기,용인,기흥구 어정로 102 (상하동)031-283-3248,용인
635,경기,용인,기흥구 용구대로 2330031-284-2958,용인
636,경기,용인,기흥구 구갈로 71-18 (신갈동)031-282-5766,용인
637,경기,용인,기흥구 중부대로 56031-273-8703,용인
638,경기,용인,"기흥구 죽전로 20, 죽전누리에뜰상가 (보정동)031-276-8570",용인
639,경기,용인,기흥구 용구대로 2457 (보정동)031-286-7352,용인
640,경기,용인,"기흥구 강남로 3, 강남&플러스 1층(구갈동)031-283-8335",용인
641,경기,용인,처인구 포곡읍 에버랜드로 199 070-8803-0022,용인
642,경기,용인,처인구 중부대로 1130031-322-3248,용인
643,경기,용인,처인구 금령로 60 (김량장동)031-339-8634,용인
644,경기,의왕,안양판교로 89 (포일동)031-423-3378,의왕
645,경기,의정부,경의로 31 (의정부동)031-837-3571,의정부
646,경기,의정부,금신로 63 031-826-3675,의정부
647,경기,의정부,시민로 468 (용현동)031-841-3503,의정부
648,경기,의정부,평화로 540 (의정부동)031-847-3509,의정부
649,경기,의정부,천보로 68 (민락동)031-851-3372,의정부
650,경기,의정부,평화로 341 (호원동)031-875-3312,의정부
651,경기,의정부,비우로 119 (가능동)031-871-8995,의정부
652,경기,의정부,"청사로48번길 7, 대송프라자 (금오동)031-853-3640",의정부
653,경기,의정부,"평화로 525, 신세계백화점 2층 (의정부동)031-8082-0255",의정부
654,경기,의정부,"평화로 525, 신세계백화점 6층 (의정부동)031-8082-0630",의정부
655,경기,이천,이섭대천로 1445 (증포동)031-637-3596,이천
656,경기,이천,경충대로 3045 (사음동)031-638-3407,이천
657,경기,이천,"부발읍 경충대로 2100, 외 101호,102호,201호031-635-8651",이천
658,경기,이천,중부대로 중부고속도로 82031-637-9488,이천
659,경기,이천,중리천로 84 (중리동)031-637-8464,이천
660,경기,포천,호국로 925 (선단동)031-543-3457,포천
661,경기,포천,"소흘읍 솔모루로 55, 뉴스토리솔모루빌딩031-542-9632",포천
662,경기,하남,미사강변남로 35 (망월동)031-792-3644,하남
663,경기,하남,학암동 90-33 위례스타필드031-8097-1167,하남
664,경기,하남,아리수로 570 (망월동)031-792-3712,하남
665,경기,하남,미사강변북로30번길 130 (망월동)031-794-3396,하남
666,경기,하남,미사대로 750 (신장동)031-8072-8283,하남
667,경기,하남,미사대로 750 (신장동)031-8072-1898,하남
668,경기,하남,미사대로 750 (신장동)031-8072-8339,하남
669,경기,하남,신장로 130031-793-7866,하남
670,경기,하남,대청로 34 (신장동)031-795-8724,하남
671,경기,화성,향남읍 발안로 111 031-366-5483,화성
672,경기,화성,"동탄대로시범길 134 (청계동, 시범 반도유보라 아이비파크4.0)031-377-3594",화성
673,경기,화성,동탄지성로 201 (능동)031-226-3528,화성
674,경기,화성,동탄대로 495 (오산동)031-373-3484,화성
675,경기,화성,효행로 1013 (진안동)031-226-3277,화성
676,경기,화성,동탄순환대로 692 (영천동)031-378-3290,화성
677,경기,화성,영통로 43 (반월동)031-203-6994,화성
678,경기,화성,동탄지성로 104 센트럴파티오031-613-4542,화성
679,경기,화성,"메타폴리스로 54, 동탄파라곤2상가 (반송동)031-8015-3584",화성
680,경기,화성,"동탄지성로 17, 풍성 위버폴리스 (반송동)031-613-8162",화성
681,경기,화성,"동탄중앙로 376, 동탄이마트 1층 (석우동)031-8015-5391",화성
682,경기,고양,덕양구 고양대로 1955 (동산동)031-5173-3028,고양
683,경기,고양,덕양구 고양대로 1955 (동산동)031-5173-1038,고양
684,경기,고양,덕양구 고양대로 1955 (동산동)031-5173-1065,고양
685,경기,고양,덕양구 고양대로 1955 (동산동)031-5173-3039,고양
686,경기,고양,덕양구 신원동 628-202-371-3271,고양
687,경기,고양,덕양구 호국로 1775 (고양동)031-965-4579,고양
688,경기,고양,덕양구 충장로 14 (행신동)031-973-3234,고양
689,경기,고양,덕양구 호국로 811 (주교동)031-965-7850,고양
690,경기,고양,덕양구 화신로272번길 57 (화정동)031-938-8338,고양
691,경기,고양,덕양구 화신로260번길 57 (화정동)031-973-8530,고양
692,경기,성남,수정구 위례광장로 104 (창곡동)031-751-3485,성남
693,경기,성남,수정구 수정로 201 (태평1동) 신세계쉐덴031-751-3219,성남
694,경기,여주,세종로 358 (점봉동)_1031-883-3561,여주
695,경기,여주,명품로 360 2004호 (상거동)031-880-1631,여주
696,경기,여주,명품로 360 2400호 (상거동)031-880-1633,여주
697,경기,평택,비전5로 20-24 (비전동)031-618-3761,평택
698,경기,평택,경기대로 1353 (서정동)031-664-3646,평택
699,경기,평택,중앙2로 13 (평택동)031-651-3959,평택
700,경기,평택,평택로 51 (평택동) 평택역031-646-6150,평택
701,경기,평택,관광특구로 38 (서정동)031-611-8614,평택
702,경기,고양,일산서구 대화동 1050-185031-929-5315,고양
703,경기,고양,일산서구 하이파크2로 67 (덕이동)031-919-3453,고양
704,경기,고양,일산서구 탄중로 106 (덕이동)031-919-3353,고양
705,경기,고양,일산서구 일산로 541 (일산동)031-921-8919,고양
706,경기,고양,일산서구 대화동 킨텍스로 171031-912-8924,고양
707,경기,고양,일산서구 일현로 97-11 (일산위브더제니스스퀘어1동147~151)031-913-8712,고양
708,경기,고양,"일산서구 중앙로 1559, 시티타워 1~2층 (대화동)031-918-8674",고양
709,경기,고양,"일산서구 중앙로 1420, 1층 (주엽동)031-911-8660",고양
710,경기,고양,"일산서구 중앙로 1456, 서현프라자 112호 ,113호,114호 (주엽동)031-913-8206",고양
711,경기,김포,"김포한강4로 487 (구래동, 한강신도시 반도유보라 4차)031-985-3653",김포
712,경기,김포,"김포한강2로 41 (장기동, E편한세상 캐널시티)031-986-3530",김포
713,경기,김포,중봉로 27 (감정동)031-987-3418,김포
714,경기,김포,김포한강11로 288-32031-989-4922,김포
715,경기,김포,김포한강7로 71031-996-3065,김포
716,경기,김포,풍무로 45 (풍무동)031-998-6728,김포
717,경기,김포,사우중로 35 (사우동)031-985-6745,김포
718,경기,김포,"김포한강4로 117, 홍우프라자 102~105호 (장기동)031-998-7586",김포
719,경기,부천,부천로 97 (심곡동)032-611-3414,부천
720,경기,부천,송내대로 239 (상동)032-624-7342,부천
721,경기,부천,부흥로 193 (중동)032-614-3212,부천
722,경기,부천,길주로 281 (중동) 동화빌딩032-322-4921,부천
723,경기,부천,신흥로 161 (중동)032-322-6730,부천
724,경기,부천,"길주로 181, 102,103,104,110,111,112호 (중동)032-327-9646",부천
725,경기,수원,영통구 광교중앙로248번길 7-2 (하동)031-213-3682,수원
726,경기,수원,영통구 대학로 47 (이의동)031-217-3676,수원
727,경기,수원,영통구 광교중앙로 145 (이의동)031-217-3654,수원
728,경기,수원,영통구 덕영대로 1566 (영통동)031-204-3648,수원
729,경기,수원,영통구 덕영대로 1467031-273-8972,수원
730,경기,수원,영통구 센트럴타운로 85 (이의동) 광교C1호반베르디움031-215-8909,수원
731,경기,수원,영통구 삼성로 2 트레이더스수원점 (신동)031-204-7803,수원
732,경기,수원,영통구 덕영대로 1695 (영통동)031-206-8747,수원
733,경기,수원,영통구 영통로 195 (망포동)031-205-6575,수원
734,경기,수원,영통구 광교로 191(이의동)031-217-2955,수원
735,경기,수원,"영통구 봉영로 1617, 훼미리타워 1층 (영통동)031-201-1880",수원
736,경기,안산,"상록구 성안길 82-3, B동 1층 (사동)031-415-8654",안산
737,경기,안산,"상록구 광덕1로 379, 한남빌딩 1~2층 (이동)031-419-8664",안산
738,경기,양평,양평읍 시민로 75 031-775-3492,양평
739,경기,용인,"수지구 용구대로 2750 (죽전동, 죽전 효성해링턴 플레이스)031-272-3686",용인
740,경기,용인,수지구 죽전로168번길 18 (죽전동)031-898-3610,용인
741,경기,용인,수지구 손곡로 031-276-5822,용인
742,경기,용인,수지구 현암로 140 (죽전동)031-266-8797,용인
743,경기,용인,수지구 성복2로 55 (성복동)031-263-9808,용인
744,경기,용인,수지구 광교마을로 41 (상현동)031-213-8641,용인
745,경기,용인,"수지구 포은대로 536, (주)신세계백화점경기점 8층 (죽전동)031-695-1910",용인
746,경기,용인,"수지구 포은대로 552, 이마트 죽전점 1층 (죽전동)031-898-1833",용인
747,경기,용인,"수지구 포은대로 536, (주)신세계백화점경기점 4층 (죽전동)031-695-1791",용인
748,경기,용인,수지구 수지로 203 (신봉동)031-272-8362,용인
749,경기,용인,"수지구 수지로296번길 51-11, 비즈마루빌딩 1층 101호 (풍덕천동)031-276-7494",용인
750,경기,파주,야당동 1066-3031-948-3558,파주
751,경기,파주,문화로 109 (금촌동)031-947-3625,파주
752,경기,파주,"금릉역로 84, 청원센트럴타워 1층 (금촌동)031-947-8692",파주
753,경기,파주,와석순환로 135031-945-2751,파주
754,경기,파주,탄현면 필승로 200031-8071-7389,파주
755,경기,동두천,지행로 55 (지행동)031-859-3732,동두천
756,경기,동두천,평화로 2254 (지행동)031-868-3251,동두천
757,광주,광산,임방울대로 156 (운남동)062-953-3621,광주 광산
758,광주,광산,용아로 342 (산정동)062-954-3595,광주 광산
759,광주,광산,사암로 367 (산정동)062-954-3446,광주 광산
760,광주,광산,상무대로205번길 6 (송정동)062-942-3360,광주 광산
761,광주,광산,임방울대로 487 (수완동)062-952-3291,광주 광산
762,광주,광산,목련로 335 (신가동)062-962-6855,광주 광산
763,광주,광산,첨단중앙로 158 (쌍암동)062-972-9805,광주 광산
764,광주,광산,장신로 85 (장덕동)062-959-8706,광주 광산
765,광주,광산,"사암로216번길 38-16, 1~2층 (우산동)062-959-8679",광주 광산
766,광주,광산,첨단중앙로 104 (월계동)062-971-8719,광주 광산
767,광주,광산,"장신로 134, 1~2층 (수완동)062-962-8384",광주 광산
768,광주,남구,회재로 1256 (주월동)062-673-3691,광주 남구
769,광주,남구,제석로 104 (봉선동)062-653-3591,광주 남구
770,광주,남구,서문대로 665 (진월동)062-672-3385,광주 남구
771,광주,남구,대남대로 67 (방림동)062-654-3277,광주 남구
772,광주,남구,봉선중앙로 51 (봉선동)062-653-7844,광주 남구
773,광주,남구,서문대로 745 (주월동)062-675-9556,광주 남구
774,광주,남구,"봉선로 176, 1층 101,111호 (봉선동)062-651-8363",광주 남구
775,광주,동구,무등로 592 (산수동)062-223-3537,광주 동구
776,광주,동구,중앙로160번길 14 (황금동)062-233-7854,광주 동구
777,광주,동구,증심사길 16 (운림동)062-223-8710,광주 동구
778,광주,동구,충장로 93-5 (금남로2가)062-233-1849,광주 동구
779,광주,동구,충장로 65 (충장로3가)062-224-8344,광주 동구
780,광주,동구,서석로 43 (충장로1가)062-223-8432,광주 동구
781,광주,동구,지산로 3 (서석동)062-222-9574,광주 동구
782,광주,북구,서암대로 93 (신안동)062-511-3594,광주 북구
783,광주,북구,설죽로 339 (매곡동)062-573-3454,광주 북구
784,광주,북구,삼정로 4 (두암동)062-252-3427,광주 북구
785,광주,북구,설죽로 518 (일곡동)062-575-3394,광주 북구
786,광주,북구,서방로9번길 30 (중흥동)062-251-3202,광주 북구
787,광주,북구,북문대로 78 (운암동)062-511-8950,광주 북구
788,광주,북구,첨단연신로 101 (신용동)062-572-9949,광주 북구
789,광주,북구,임방울대로 1016 (신용동)062-574-1911,광주 북구
790,광주,북구,"우치로 110, 1,2,3층 (용봉동)062-251-0604",광주 북구
791,광주,북구,저불로 45 (용봉동)062-523-8471,광주 북구
792,광주,서구,죽봉대로 33 (화정동)062-352-3682,광주 서구
793,광주,서구,상무대로 847 (쌍촌동)062-373-3685,광주 서구
794,광주,서구,상무대로 1080062-362-3539,광주 서구
795,광주,서구,상무중앙로 46 (치평동) 1층062-375-3326,광주 서구
796,광주,서구,운천로 253 (치평동) 103호062-371-3264,광주 서구
797,광주,서구,풍암2로 8 (풍암동) 한아름빌딩062-674-3203,광주 서구
798,광주,서구,운천로 107 (쌍촌동)062-381-7905,광주 서구
799,광주,서구,"상무중앙로 90, 눈높이상무센터 1층 (치평동)062-372-8684",광주 서구
800,광주,서구,"하남대로 672-1, 1층 (동천동)062-514-3667",광주 서구
801,광주,서구,무진대로 932 번지 신세계 백화점 1층062-360-1137,광주 서구
802,광주,서구,상무중앙로 75 (치평동)062-385-8040,광주 서구
803,광주,서구,"상무자유로 173, 1층 (치평동)062-375-8381",광주 서구
804,광주,서구,"상무중앙로 7, 1층 (치평동)062-381-8393",광주 서구
805,광주,서구,"죽봉대로 61, 패션스트리트 B01호 (화정동)062-352-8437",광주 서구
806,대구,달서,달구벌대로 1035 (신당동)053-584-3740,대구 달서
807,대구,달서,와룡로 169 053-552-3634,대구 달서
808,대구,달서,월곡로 225 (상인동)053-637-3568,대구 달서
809,대구,달서,달구벌대로 1710 (두류동)053-622-3607,대구 달서
810,대구,달서,월배로 315 (송현동)053-622-3542,대구 달서
811,대구,달서,월배로 91 (진천동)053-644-3317,대구 달서
812,대구,달서,상화로 314 (도원동)053-637-3256,대구 달서
813,대구,달서,조암로 41 (월성동)053-632-3360,대구 달서
814,대구,달서,계대동문로 108053-586-6798,대구 달서
815,대구,달서,화암로 379053-638-3255,대구 달서
816,대구,달서,달구벌대로 1393053-592-8990,대구 달서
817,대구,달서,와룡로 131 053-567-8932,대구 달서
818,대구,달서,월배로 210 (상인동)053-642-8936,대구 달서
819,대구,달서,달구벌대로 1798 (두류동)053-622-7851,대구 달서
820,대구,달서,월곡로 334 (상인동)053-638-9831,대구 달서
821,대구,달서,계대동문로 13 (신당동)053-583-8301,대구 달서
822,대구,달서,"이곡공원로 26, 이곡메디컬빌딩 (이곡동)053-583-8474",대구 달서
823,대구,달서,구마로 265 (성당동)053-624-8543,대구 달서
824,대구,동구,동부로 149 신세계백화점 대구점 3층053-661-6344,대구 동구
825,대구,동구,동부로 149 신세계백화점 대구점 8층053-661-6887,대구 동구
826,대구,동구,동대구로 422 (신천동)053-756-3217,대구 동구
827,대구,동구,파계로 650053-986-8895,대구 동구
828,대구,동구,팔공로51길 15-11 (봉무동)053-986-7768,대구 동구
829,대구,동구,동부로30길 12 (신천동)053-742-8417,대구 동구
830,대구,동구,효동로2길 45 (효목동)053-939-8564,대구 동구
831,대구,동구,"안심로 389-2, 이마트 1층 (신서동)053-965-8389",대구 동구
832,대구,서구,서대구로 89 (평리1동)053-521-8996,대구 서구
833,대구,수성,화랑로 112 (만촌동)053-744-3614,대구 수성
834,대구,수성,동대구로 305 (범어동)053-753-3652,대구 수성
835,대구,수성,용학로 56 (두산동)053-765-3327,대구 수성
836,대구,수성,명덕로 460 (수성동3가)053-768-3512,대구 수성
837,대구,수성,들안로 342 (수성동4가)053-755-3286,대구 수성
838,대구,수성,수성로 243 (중동)053-764-3435,대구 수성
839,대구,수성,청수로 51 (중동)053-762-3284,대구 수성
840,대구,수성,무학로 29(상동)053-768-1997,대구 수성
841,대구,수성,청수로 164 (지산동)053-767-3226,대구 수성
842,대구,수성,동대구로 401 (범어동) 삼성화재사옥053-752-8947,대구 수성
843,대구,수성,달구벌대로 3216 (신매동)053-795-7879,대구 수성
844,대구,수성,동대구로 376 (범어동)053-745-8673,대구 수성
845,대구,수성,"달구벌대로 2636, , 853-25번지 (만촌동)053-745-8619",대구 수성
846,대구,수성,"수성로 393, 수성하이츠 1층 (수성동4가)053-754-8662",대구 수성
847,대구,수성,"지범로 191, 동아백화점수성점 1,2 층 (범물동)053-782-1875",대구 수성
848,대구,수성,동대구로 95 (두산동)053-763-8411,대구 수성
849,대구,수성,수성못길 4 (두산동)053-761-8413,대구 수성
850,대구,수성,"달구벌대로 2435, 두산위브더제니스아파트 상가 1층 110호 (범어동)053-743-9536",대구 수성
851,대구,중구,국채보상로 611 (문화동)053-423-3546,대구 중구
852,대구,중구,달구벌대로415길 1 (계산동2가)053-254-3410,대구 중구
853,대구,중구,국채보상로 582 (남일동)053-424-3326,대구 중구
854,대구,중구,국채보상로 642 (동인동2가)053-257-9810,대구 중구
855,대구,중구,남성로 61 (동성로3가)053-257-8616,대구 중구
856,대구,중구,달구벌대로 2085 (덕산동) 동아쇼핑053-254-1840,대구 중구
857,대구,중구,동성로 4 (동성로3가)053-427-8509,대구 중구
858,대구,중구,동성로5길 38 (삼덕동1가)053-256-8356,대구 중구
859,대구,중구,동성로5길 62 (삼덕동1가)053-421-8501,대구 중구
860,대구,북구,중앙대로 524 (칠성동2가)053-424-3435,대구 북구
861,대구,북구,유통단지로8길 78 106호 (산격동)053-381-3373,대구 북구
862,대구,북구,칠곡중앙대로 348 (태전동)053-312-3220,대구 북구
863,대구,북구,동천로 123053-326-8867,대구 북구
864,대구,북구,침산로 126 (침산동)053-352-8746,대구 북구
865,대구,북구,학정로 422 (구암동) 태을빌딩053-326-8649,대구 북구
866,대구,북구,대학로 75 (산격동)053-939-8502,대구 북구
867,대구,달성,"유가면 테크노상업로 84 대경타워 105호, 106호, 107호053-611-3477",대구 달성
868,대구,달성,달구벌대로 861 (다사읍)053-586-8966,대구 달성
869,대전,대덕,한밭대로 1122 (중리동)042-626-3462,대전 대덕
870,대전,대덕,동서대로 1776 (비래동)042-621-9985,대전 대덕
871,대전,대덕,대덕대로 1544 (석봉동)042-933-3234,대전 대덕
872,대전,대덕,"송촌북로36번길 36, 1층 (송촌동)042-625-8671",대전 대덕
873,대전,동구,옥천로 118 (판암동)042-283-3477,대전 동구
874,대전,동구,"동서대로 1689, 2층 (용전동)042-615-1461",대전 동구
875,대전,동구,동구청로 101 (가오동)042-285-7448,대전 동구
876,대전,동구,동서대로1695번길 4 (용전동)042-622-8578,대전 동구
877,대전,서구,한밭대로 755 (둔산동)042-482-3626,대전 서구
878,대전,서구,관저동로 170 (관저동)1층042-542-3634,대전 서구
879,대전,서구,문정로2번길 95 (탄방동)042-484-3593,대전 서구
880,대전,서구,복수남로 28 (복수동)042-583-3547,대전 서구
881,대전,서구,둔산남로 100 (탄방동)042-485-3466,대전 서구
882,대전,서구,대덕대로241번길 35 (둔산동)042-488-3291,대전 서구
883,대전,서구,둔산로123번길 43 (둔산동)042-471-3293,대전 서구
884,대전,서구,계백로 1128 (가수원동)042-542-3241,대전 서구
885,대전,서구,계룡로 692 (용문동)042-524-8926,대전 서구
886,대전,서구,관저로 142 (관저동)042-542-9824,대전 서구
887,대전,서구,대덕대로234번길 18 (둔산동)042-482-9811,대전 서구
888,대전,서구,동서대로 682 (도안동)042-826-1815,대전 서구
889,대전,서구,대덕대로 189 (둔산동)042-482-9791,대전 서구
890,대전,서구,만년로 81 (만년동)042-486-7836,대전 서구
891,대전,서구,둔산남로 50 (탄방동)042-488-6778,대전 서구
892,대전,서구,청사로123번길 25 (월평동)042-482-7598,대전 서구
893,대전,서구,"둔산로31번길 28, 금정빌딩 1층 (둔산동)042-487-8306",대전 서구
894,대전,서구,"문정로 78, 정우빌딩 1층 (탄방동)042-471-6284",대전 서구
895,대전,서구,둔산로 142 (둔산동)042-485-8251,대전 서구
896,대전,서구,"둔산중로134번길 13, 둔산관광호텔 (둔산동)042-489-8357",대전 서구
897,대전,서구,한밭대로 580 (월평동)042-471-9408,대전 서구
898,대전,유성,도안대로 573 (봉명동)042-823-6343,대전 유성
899,대전,유성,유성대로 781 (장대동)042-823-3492,대전 유성
900,대전,유성,어은로 42 (어은동)042-864-3352,대전 유성
901,대전,유성,지족로 373 (지족동)042-826-7987,대전 유성
902,대전,유성,온천서로 2 (봉명동)042-824-8913,대전 유성
903,대전,유성,유성대로 1722 (전민동)042-861-8963,대전 유성
904,대전,유성,태크노중앙로 68042-934-9870,대전 유성
905,대전,유성,엑스포로 97번길 40042-867-8873,대전 유성
906,대전,유성,"은구비남로33번길 26, 1~2층 (지족동)042-826-9686",대전 유성
907,대전,유성,대학로 82 (궁동)042-824-8763,대전 유성
908,대전,유성,테크노4로 105 (관평동)042-931-8522,대전 유성
909,대전,중구,계룡로 949 (대사동)042-223-3328,대전 중구
910,대전,중구,태평로 71 (태평동)042-524-3326,대전 중구
911,대전,중구,계백로 1604 (유천동)042-582-3213,대전 중구
912,대전,중구,대종로 486 (은행동)042-226-8735,대전 중구
913,대전,중구,"계백로 1700, 외 4필지 세이백화점 신관 (문화동)042-221-8596",대전 중구
914,대전,중구,중앙로 164 (은행동)042-253-5910,대전 중구
915,대전,중구,"계백로 1700, 5층 (문화동)042-252-8327",대전 중구
916,부산,금정,중앙대로 1730 (부곡동)051-583-3497,부산 금정
917,부산,금정,식물원로 13 (장전동)051-583-3424,부산 금정
918,부산,금정,금샘로 459051-515-8906,부산 금정
919,부산,금정,부산대학로64번길 12 (장전동)051-514-9770,부산 금정
920,부산,금정,"장전로12번길 64, 1~4층 (장전동)051-583-8609",부산 금정
921,부산,금정,"금정로68번길 2, 건우빌딩 (장전동)051-517-1794",부산 금정
922,부산,금정,중앙대로1841번길 24 (구서동)051-514-8412,부산 금정
923,부산,남구,"분포로 145 (용호동) 더블유스퀘어동 1019호,1020호,1021호,2011호 2012호051-611-3604",부산 남구
924,부산,남구,신선로 423 (용당동)051-611-4335,부산 남구
925,부산,남구,문현금융로 40 (문현동) 부산국제금융센터051-633-8916,부산 남구
926,부산,남구,수영로 345 대연힐스테이트 115동 121호051-623-7863,부산 남구
927,부산,남구,"수영로 240-1, 1층 (대연동)051-621-5676",부산 남구
928,부산,남구,수영로 312 (대연동)051-610-1898,부산 남구
929,부산,동구,조방로 4 (범일동)051-639-8839,부산 동구
930,부산,동구,중앙대로 216 (초량동)051-463-6511,부산 동구
931,부산,부산진,중앙대로 672 (부전동) 1층 2층051-804-3768,부산 부산진
932,부산,부산진,서면로 49-1 (부전동)051-804-3601,부산 부산진
933,부산,부산진,동천로 92 (전포동) NC백화점 1층051-794-7401,부산 부산진
934,부산,부산진,중앙대로 894 (양정동)051-865-8975,부산 부산진
935,부산,부산진,가야대로 589 (가야제1동)051-892-4260,부산 부산진
936,부산,부산진,가야대로 462 (개금동)051-897-7852,부산 부산진
937,부산,부산진,전포대로199번길 27 (전포동)051-809-6828,부산 부산진
938,부산,부산진,"중앙대로 701, 1~3층 (부전동)051-806-8677",부산 부산진
939,부산,부산진,서전로 19 (부전동)051-807-8723,부산 부산진
940,부산,부산진,중앙대로692번길 46-10 (부전동)051-817-8638,부산 부산진
941,부산,부산진,서전로 1 (부전동)051-805-8307,부산 부산진
942,부산,부산진,"중앙대로 777, 서면호텔 복합시설1,2층 (부전동)051-930-1705",부산 부산진
943,부산,부산진,중앙대로666번길 50 (부전동)051-807-8423,부산 부산진
944,부산,부산진,"가야대로 783-1, 1층 (부전동)051-806-8568",부산 부산진
945,부산,부산진,서면로 25 (부전동)051-803-8554,부산 부산진
946,부산,부산진,서면로68번길 1 (부전동)051-805-8367,부산 부산진
947,부산,부산진,시민공원로 31 (부암동)051-803-8427,부산 부산진
948,부산,북구,만덕대로 30 (덕천동)051-341-6701,부산 북구
949,부산,북구,금곡대로285번길 5 (화명동)051-363-8639,부산 북구
950,부산,사상,백양대로 520 (주례동)051-311-3634,부산 사상
951,부산,사상,가야대로 338 (주례동)051-315-3422,부산 사상
952,부산,사상,사상로 211 (괘법동)051-315-8410,부산 사상
953,부산,사하,다대로 714 (다대동)051-261-3610,부산 사하
954,부산,사하,낙동대로 455 (하단동)051-204-3631,부산 사하
955,부산,사하,다대로 493 (다대동)051-264-3432,부산 사하
956,부산,사하,하신번영로 381-6 (하단동)051-201-3262,부산 사하
957,부산,사하,낙동대로550번길 14 (하단동) 1~3층051-292-9820,부산 사하
958,부산,사하,사하로186번길 6 (괴정동)051-291-8563,부산 사하
959,부산,사하,낙동남로 1411 (하단동)051-291-8491,부산 사하
960,부산,연제,중앙대로 1125 (연산동)051-851-3474,부산 연제
961,부산,연제,명륜로 3 (거제제1동) 한양프라자051-504-3226,부산 연제
962,부산,연제,반송로 20 (연산동)051-867-9789,부산 연제
963,부산,연제,중앙대로 1091 (연산동)051-867-9804,부산 연제
964,부산,연제,교대로 20-2 (거제동)051-507-8722,부산 연제
965,부산,중구,구덕로 54-1 (남포동5가)051-243-3405,부산 중구
966,부산,중구,대청로 80 (대청동3가)051-254-3476,부산 중구
967,부산,중구,중앙대로81번길 2 (중앙동4가)051-468-9807,부산 중구
968,부산,중구,비프광장로 25 (남포동3가)051-231-1966,부산 중구
969,부산,중구,"구덕로 4, 1~2층 (광복동1가)051-256-8381",부산 중구
970,부산,중구,광복중앙로 28-1 (대청동2가)051-243-8473,부산 중구
971,부산,기장,기장읍 기장해안로 56 051-723-3279,부산 기장
972,부산,기장,정관읍 정관로 579 051-728-2663,부산 기장
973,부산,기장,정관로 1133 (175호)051-940-1175,부산 기장
974,부산,수영,민락수변로 29 (민락동)051-758-3591,부산 수영
975,부산,수영,수영로 671 (광안동)051-756-3410,부산 수영
976,부산,수영,수영로464번길 6 (남천동)051-623-3406,부산 수영
977,부산,수영,광안로62번길 39 (광안동)051-761-3307,부산 수영
978,부산,수영,과정로 68 (망미동)051-757-2209,부산 수영
979,부산,수영,광안해변로 247 (민락동)051-761-1844,부산 수영
980,부산,수영,남천바다로 38 (남천동)051-621-9234,부산 수영
981,부산,강서,명지국제5로 42 (명지동)051-271-3585,부산 강서
982,부산,강서,명지오션시티11로 66 (명지동)051-271-8465,부산 강서
983,부산,동래,충렬대로181번길 42 051-558-3605,부산 동래
984,부산,동래,동래로 25 051-555-3421,부산 동래
985,부산,동래,사직북로 4 (사직동)051-501-3351,부산 동래
986,부산,동래,충렬대로 446 (안락동)051-532-8929,부산 동래
987,부산,동래,충렬대로 101 (온천동)051-558-8845,부산 동래
988,부산,동래,사직북로 24 (사직동)051-505-8520,부산 동래
989,부산,동래,"중앙대로 1523, SK허브스카이위아아파트 1층 (온천동)051-557-9557",부산 동래
990,부산,서구,구덕로 212 (부민동1가)051-244-7837,부산 서구
991,부산,서구,송도해변로 81 (암남동)051-231-8623,부산 서구
992,부산,서구,구덕로322번길 7 (동대신동3가)051-231-8579,부산 서구
993,부산,해운대,"해운대해변로 197 (우동, 해운대경동제이드아파트)051-746-3622",부산 해운대
994,부산,해운대,수영강변대로 516 (반여동)051-528-3493,부산 해운대
995,부산,해운대,"센텀중앙로 145 (재송동, 더샵센텀파크1차아파트)051-744-3572",부산 해운대
996,부산,해운대,구남로 9 (우동)051-746-3538,부산 해운대
997,부산,해운대,해운대로 189 (재송동)051-784-3268,부산 해운대
998,부산,해운대,구남로 49 (중동) 101호051-743-3244,부산 해운대
999,부산,해운대,센텀4로 15 (우동)[*미고시]051-745-2838,부산 해운대
1000,부산,해운대,센텀2로 10 (우동) 센텀메디컬센타 1층 스타벅스 센텀로점051-742-6948,부산 해운대
1001,부산,해운대,센텀남대로 35 (우동) 센텀시티 신세계UEC051-745-1262,부산 해운대
1002,부산,해운대,달맞이길 57 (중동) 1~3층051-742-7802,부산 해운대
1003,부산,해운대,센텀중앙로 78 (우동)051-744-5741,부산 해운대
1004,부산,해운대,송정해변로 36 (송정동)051-702-9644,부산 해운대
1005,부산,해운대,해운대로 802 (좌동)051-702-6935,부산 해운대
1006,부산,해운대,"해운대해변로 257, 엘지하버타운 (우동)051-740-6595",부산 해운대
1007,부산,해운대,"APEC로 55, 벡스코내 (우동)051-742-2075",부산 해운대
1008,부산,해운대,해운대해변로 163 (우동)051-742-1655,부산 해운대
1009,부산,해운대,"해운대해변로298번길 24, 팔래드시즈 1-3호, 2-3호 (중동)051-743-2558",부산 해운대
1010,부산,해운대,좌동로 96 (좌동)051-704-6279,부산 해운대
1011,부산,해운대,"센텀동로 9, 트럼프월드센텀아파트 1층 (우동)051-744-8526",부산 해운대
1012,부산,해운대,"마린시티2로 33, 제니스스퀘어 (우동)051-744-8489",부산 해운대
1013,부산,해운대,마린시티2로 38 (우동)051-792-7153,부산 해운대
1014,부산,해운대,"센텀남대로 35, 신세계백화점 UEC 6F (우동)051-745-1856",부산 해운대
1015,부산,해운대,달맞이길 189 (중동)051-744-6754,부산 해운대
1016,부산,해운대,"좌동순환로 511, 해운대이마트 1층 (중동)051-744-7496",부산 해운대
1017,부산,해운대,"센텀2로 25, 센텀드림월드 1층 (우동)051-744-8488",부산 해운대
1018,부산,해운대,센텀서로 30 (우동)051-664-8787,부산 해운대
1019,부산,해운대,"센텀동로 25, 1층 (우동)051-744-7431",부산 해운대
1020,울산,남구,대공원입구로 4 (옥동)052-258-3665,울산 남구
1021,울산,남구,대암로129번길 9-6 (야음동)052-269-8651,울산 남구
1022,울산,남구,중앙로 182 (달동)052-273-3312,울산 남구
1023,울산,남구,번영로 215 (신정동)052-256-3207,울산 남구
1024,울산,남구,돋질로 310 (삼산동)052-266-3208,울산 남구
1025,울산,남구,문수로 329 (옥동)052-227-7982,울산 남구
1026,울산,남구,삼산로 231 (달동)052-274-3243,울산 남구
1027,울산,남구,삼산로 273 (삼산동) 삼산타워052-276-6988,울산 남구
1028,울산,남구,삼산로 278 번길 8 (삼산동)052-268-9878,울산 남구
1029,울산,남구,대학로84번길 5-3 (무거동)052-225-8829,울산 남구
1030,울산,남구,"삼산중로74번길 30-1, 1~2층 (삼산동)052-256-4702",울산 남구
1031,울산,남구,대학로 152 (무거동)052-277-8742,울산 남구
1032,울산,남구,"삼산로 257, 1층 (달동)052-256-9380",울산 남구
1033,울산,북구,산업로 1011 (연암동)052-289-3503,울산 북구
1034,울산,북구,진장17길 10 (진장동)052-916-0154,울산 북구
1035,울산,북구,동해안로 1601 (산하동)052-297-3306,울산 북구
1036,울산,북구,화봉로 75 (화봉동)052-289-8729,울산 북구
1037,울산,울주,서생면 대송리 25-18052-238-5947,울산 울주
1038,울산,중구,번영로 434 (복산동)052-292-3570,울산 중구
1039,울산,중구,성안12길 45 (성안동)052-212-3259,울산 중구
1040,울산,중구,젊음의2거리 33 (성남동)052-212-3346,울산 중구
1041,울산,중구,젊음의거리 74 (성남동)052-248-1984,울산 중구
1042,울산,중구,"신기길 103, (1층,2층 전체) (태화동)052-248-6589",울산 중구
1043,울산,동구,방어진순환도로 899 (서부동) 현대백화점주차장052-250-4168,울산 동구
1044,울산,동구,방어진순환도로 652 (일산동)052-233-8419,울산 동구
1045,인천,계양,장제로 808 (계산동)032-552-8869,인천 계양
1046,인천,계양,"계양대로 37, 1층 (작전동)032-544-8599",인천 계양
1047,인천,미추,매소홀로 368 (학익동)032-872-3506,인천 미추
1048,인천,미추,아암대로 107 (용현동)032-885-3211,인천 미추
1049,인천,미추,"주안로 100, 1-2층 (주안동)032-424-8322",인천 미추
1050,인천,미추,인하로 59 (용현동)032-868-8422,인천 미추
1051,인천,동구,"봉수대로 82, 이마트 트레이더스송림점1층 (송림동)032-582-8630",인천 동구
1052,인천,부평,장제로 371 (갈산동)032-528-8917,인천 부평
1053,인천,부평,길주로 643 (삼산동)032-517-8812,인천 부평
1054,인천,부평,"부평문화로 52, 1~2층 (부평동)032-528-8680",인천 부평
1055,인천,부평,"부평대로 60, 현대해상화재보험 1층 (부평동)032-330-9755",인천 부평
1056,인천,부평,경원대로 1397 (부평동)032-514-1823,인천 부평
1057,인천,부평,"시장로 21, 1-3층 (부평동)032-504-8309",인천 부평
1058,인천,부평,"동암광장로 14, 1~2층 (십정동)032-429-8376",인천 부평
1059,인천,부평,"경원대로 1377, 1-4층 (부평동)032-502-8352",인천 부평
1060,인천,부평,부평대로 233 (청천동)032-508-8463,인천 부평
1061,인천,연수,청능대로 210 (동춘동)032-456-4488,인천 연수
1062,인천,연수,앵고개로 171 (동춘동)032-812-3607,인천 연수
1063,인천,연수,"컨벤시아대로 55 (송도동, 송도이안)032-833-3734",인천 연수
1064,인천,연수,송도과학로16번길 33-1 (송도동)032-310-9370,인천 연수
1065,인천,연수,하모니로 136 (송도동)032-833-3227,인천 연수
1066,인천,연수,"용담로 115 (연수동) 105,106,203호032-818-3307",인천 연수
1067,인천,연수,송도과학로27번길 55 (송도동) 롯데캠퍼스타운032-814-3229,인천 연수
1068,인천,연수,아트센터대로 131 (송도동)032-858-9687,인천 연수
1069,인천,연수,센트럴로 194 (송도동)032-834-8633,인천 연수
1070,인천,연수,경원대로 184 (동춘동)032-814-8328,인천 연수
1071,인천,서구,완정로 172 (마전동)032-562-3660,인천 서구
1072,인천,서구,"청라커낼로 300 (청라동, 청라센트럴에일린의뜰)032-566-3728",인천 서구
1073,인천,서구,원당대로 668 (당하동)032-566-7984,인천 서구
1074,인천,서구,중봉대로 612번길 10-17032-565-8967,인천 서구
1075,인천,서구,서곶로 277 (심곡동)032-563-6785,인천 서구
1076,인천,서구,중봉대로 586번길 19032-566-2707,인천 서구
1077,인천,남동,인하로 556 (구월동)032-469-3513,인천 남동
1078,인천,남동,예술로 126 (구월동)032-441-3303,인천 남동
1079,인천,남동,"서창남로 51 (서창동) 101,102,103호032-464-3301",인천 남동
1080,인천,남동,경원대로 974 (간석동)032-422-3228,인천 남동
1081,인천,남동,예술로 174 (구월동) 흥국생명032-438-8749,인천 남동
1082,인천,남동,"인하로 497-22, 2층 (구월동)032-428-9246",인천 남동
1083,인천,남동,"남동대로 773, , 14 삼성화재 인천사옥 (구월동)032-438-7283",인천 남동
1084,인천,남동,예술로 138 (구월동)032-455-1150,인천 남동
1085,인천,남동,"논고개로 93, 111,112, 206, 207호 (논현동)032-423-8533",인천 남동
1086,인천,중구,하늘중앙로195번길 15 (중산동)032-746-3718,인천 중구
1087,인천,중구,공항로 272 (운서동)032-743-8261,인천 중구
1088,인천,중구,공항로 272 (운서동) 제2여객터미널 3층 탑승지역 25-235032-743-8264,인천 중구
1089,인천,중구,공항로 272 (운서동) 제2여객터미널 1층 환영홀지역 23-202032-743-8263,인천 중구
1090,인천,중구,신도시남로142번길 17 (운서동)032-752-3414,인천 중구
1091,인천,중구,공항로 272 (운서동) 인천국제공항여객터미널 FB-P5-73032-743-0048,인천 중구
1092,인천,중구,공항로 272 (운서동) 인천공항032-743-8257,인천 중구
1093,강원,동해,중앙로 219 (천곡동)033-532-3314,동해
1094,강원,속초,미시령로2983번길 111 (장사동)033-637-3402,속초
1095,강원,속초,동해대로 4114 (조양동)033-633-7989,속초
1096,강원,속초,중앙로 123 (금호동)033-637-8617,속초
1097,강원,춘천,후석로 318 (후평동)033-257-3287,춘천
1098,강원,춘천,후석로 13 (석사동)033-262-2634,춘천
1099,강원,춘천,중앙로 57 (중앙로2가)033-242-8266,춘천
1100,강원,춘천,경춘로 2353 (온의동) E-마트 춘천점내 1층033-241-1974,춘천
1101,강원,춘천,서부대성로 243-1 (효자동)033-256-8490,춘천
1102,강원,홍천,한치골길 262 (서면) 대명비발디파크 오션월드033-435-9804,홍천
1103,강원,홍천,한치골길 262 (서면) 대명비발디파크033-434-1025,홍천
1104,강원,홍천,한치골길 262 (서면) 대명비발디파크 오션월드033-434-9805,홍천
1105,강원,강릉,교동광장로 114 (교동)033-642-3463,강릉
1106,강원,강릉,경강로 2096 (임당동)033-645-7835,강릉
1107,강원,강릉,창해로14번길 40 (견소동)033-653-8628,강릉
1108,강원,고성(강원),토성면 미시령옛길 1153033-636-8697,고성(강원)
1109,강원,원주,동부순환로 37 (반곡동)033-762-3664,원주
1110,강원,원주,남원로 588 (명륜동)033-764-2760,원주
1111,강원,원주,능라동길 73 (무실동)033-745-3448,원주
1112,강원,원주,혁신로 61 (반곡동)033-747-3341,원주
1113,강원,원주,"서원대로 402, 대신프라자 101,102,103호 (단구동)033-766-8611",원주
1114,강원,원주,서원대로 178 (단계동)033-748-7545,원주
1115,경남,김해,김해대로 1918 (구산동)055-332-3585,김해
1116,경남,김해,전하로304번길 24 (외동) 신세계백화점 1층055-272-1142,김해
1117,경남,김해,전하로304번길 24 (외동) 김해 이마트 1층055-327-3303,김해
1118,경남,김해,인제로 168 (어방동)055-337-4885,김해
1119,경남,김해,김해대로 (삼정동)055-338-9826,김해
1120,경남,김해,분성로 146 (외동)055-326-8772,김해
1121,경남,김해,율하3로91번길 30-5055-323-3704,김해
1122,경남,김해,가야로 182 (삼계동)055-312-8561,김해
1123,경남,김해,경원로 67 (내동)055-338-7421,김해
1124,경남,사천,사천읍 사천대로 1846055-854-3711,사천
1125,경남,사천,주공로 31 (벌리동)055-832-8782,사천
1126,경남,진주,진양호로 206 BYC빌딩1층055-741-3216,진주
1127,경남,진주,진주대로829번길 2 (주약동)055-761-8976,진주
1128,경남,진주,동진로 34 (칠암동)055-761-8781,진주
1129,경남,진주,진양호로527번길 3 (중안동)055-747-8717,진주
1130,경남,진주,진양호로 353 (신안동)055-748-7642,진주
1131,경남,진주,진주대로 510 (가좌동)055-753-8285,진주
1132,경남,창원,성산구 상남로 88 (상남동)055-262-3775,창원
1133,경남,창원,마산회원구 3·15대로 715 (석전동)055-297-3558,창원
1134,경남,창원,마산합포구 해안대로 383 (오동동)055-247-3540,창원
1135,경남,창원,진해구 진해대로 962 (자은동)055-552-3501,창원
1136,경남,창원,의창구 의창대로 68 (팔용동)055-296-3458,창원
1137,경남,창원,마산회원구 내서읍 호원로 315 055-232-3494,창원
1138,경남,창원,성산구 삼귀로 159 (귀곡동)055-261-3445,창원
1139,경남,창원,마산회원구 팔용로 158 (합성동)055-253-3285,창원
1140,경남,창원,마산회원구 합성남로 6-1 (합성동)055-295-7880,창원
1141,경남,창원,성산구 단정로 25055-264-7864,창원
1142,경남,창원,진해구 안골로 336 (용원동) 형제빌딩055-552-8725,창원
1143,경남,창원,의창구 팔용로 419 (팔용동)055-292-8718,창원
1144,경남,창원,"성산구 중앙대로100번길 9, 리베라컨벤션 (상남동)055-264-7627",창원
1145,경남,창원,"성산구 마디미로 20, 유탑프라자 (상남동)055-289-8620",창원
1146,경남,창원,성산구 상남로 132 (상남동)055-263-8226,창원
1147,경남,창원,마산합포구 합포로 251 (산호동) 신세계백화점 내 지하1층055-240-1828,창원
1148,경남,창원,의창구 원이대로 320 (대원동) 더시티세븐 시티세븐055-600-5348,창원
1149,경남,창원,마산합포구 월영남로 3 (해운동)055-246-8549,창원
1150,경남,창원,의창구 용지로169번길 1 (용호동)055-289-8457,창원
1151,경남,통영,광도면 죽림4로 9055-646-8458,통영
1152,경남,거제,거제중앙로 1936 (고현동)055-632-3589,거제
1153,경남,거제,"일운면 거제대로 2660, 거제대명리조트 1층055-733-7335",거제
1154,경남,거제,옥포대첩로 38 (옥포동)055-687-8308,거제
1155,경남,거제,장평로 12 (장평동)055-680-0160,거제
1156,경남,양산,동면 양산대로 532 055-387-3582,양산
1157,경남,양산,물금읍 증산역로 177 055-911-5367,양산
1158,경남,양산,물금읍 야리로 25 055-381-3473,양산
1159,경남,양산,웅상대로 860 (덕계동)055-382-3386,양산
1160,경남,양산,양산역1길 7 (중부동) 양산시외버스터미널055-383-9891,양산
1161,경남,양산,물금읍 범어로 62055-381-8701,양산
1162,경남,양산,"양산역6길 12, 양산이마트 1층 (중부동)055-367-8390",양산
1163,경북,경산,경안로 222 (중방동)053-814-3316,경산
1164,경북,경산,대학로 280 (대동) 영남대학교053-814-8806,경산
1165,경북,경산,대학로 280 (조영동) 영남대학교053-811-8780,경산
1166,경북,경산,"청운로 16, 1~3층 (대동)053-811-8675",경산
1167,경북,경산,하양읍 하양로 18053-854-8650,경산
1168,경북,경산,옥산로 227 (중산동) 경산이마트053-813-1970,경산
1169,경북,경주,보문로 537 (천군동)054-771-3412,경주
1170,경북,경주,태종로 686 (사정동)054-743-3220,경주
1171,경북,경주,황성로1번길 4 (황성동)054-741-8945,경주
1172,경북,경주,첨성로 125 (황남동)054-773-8774,경주
1173,경북,경주,보문로 132-6 (북군동)054-741-0040,경주
1174,경북,경주,원효로 105-1 (노동동)054-749-8577,경주
1175,경북,경주,"보문로 510-6, 외 1번지(신평동 719-220) (천군동)054-745-8527",경주
1176,경북,구미,금오대로 439 (상모동)054-462-3613,구미
1177,경북,구미,야은로 312 (도량동)054-452-3541,구미
1178,경북,구미,옥계북로 20 (양포동)054-476-4233,구미
1179,경북,구미,송정대로 27 (송정동)054-451-8951,구미
1180,경북,구미,인동중앙로 15 (인의동)054-476-8796,구미
1181,경북,구미,금오산로 205 (남통동)054-454-8681,구미
1182,경북,구미,구미중앙로 94 (원평동)054-454-5430,구미
1183,경북,구미,"인동가산로 9-3, 노블레스타워 1층 (황상동)054-474-8260",구미
1184,경북,구미,"1공단로 212, HALLA SIGMA VALLEY 106 (공단동)054-461-7440",구미
1185,경북,포항,남구 중흥로 122 (상도동)054-284-3436,포항
1186,경북,포항,남구 오천읍 원동로 15054-293-8974,포항
1187,경북,포항,남구 포스코대로 340 (대도동)054-275-7937,포항
1188,경북,포항,남구 포스코대로 124 (대잠동)054-275-9853,포항
1189,경북,포항,"남구 냉천로 10, 이마트 포항점 1층 (인덕동)054-275-8613",포항
1190,경북,포항,남구 중흥로 77 (상도동) 밸류플러스복합빌딩054-272-0671,포항
1191,경북,포항,남구 시청로 5 (대잠동)054-272-9737,포항
1192,경북,문경,새재로 906 (문경읍)054-571-5760,문경
1193,경북,김천,혁신3로 26 (율곡동)054-435-3341,김천
1194,경북,김천,시청로 47 (대신동)054-431-2215,김천
1195,경북,안동,서동문로 173 (삼산동)054-854-8907,안동
1196,경북,안동,경북대로 379 (옥동)054-857-9821,안동
1197,경북,포항,북구 새천년대로 1255 (장성동)054-241-3349,포항
1198,경북,포항,북구 장량로 162 (양덕동)054-253-9890,포항
1199,경북,포항,북구 불종로 41 (신흥동)054-252-8744,포항
1200,경북,포항,북구 삼호로 186 (항구동)054-232-8366,포항
1201,전남,광양,중마중앙로 143 061-795-3295,광양
1202,전남,목포,영산로 495061-273-3718,목포
1203,전남,목포,백년대로 293 (상동)061-285-3408,목포
1204,전남,목포,고하대로 694 (산정동)061-274-3201,목포
1205,전남,목포,백년대로375번길 1 (옥암동)061-287-8784,목포
1206,전남,목포,미항로 137 (상동)061-283-9636,목포
1207,전남,무안,남악3로82번길 11061-283-8841,무안
1208,전남,순천,연향번영길 118 (연향동)061-722-3393,순천
1209,전남,순천,해룡면 향매로 97 061-723-3558,순천
1210,전남,순천,왕지2길 17 (왕지동)061-723-3371,순천
1211,전남,순천,비봉2길 9 (조례동)061-727-8404,순천
1212,전남,여수,이순신 광장로 192061-662-3677,여수
1213,전남,여수,예울마루로 37-53 (웅천동)061-683-3510,여수
1214,전남,여수,좌수영로 482 (둔덕동)061-653-3261,여수
1215,전남,여수,여문1로 49 (여서동)061-654-8727,여수
1216,전남,여수,망마로 39 (학동)061-686-8452,여수
1217,전남,나주,상야1길 21 (빛가람동)061-336-3276,나주
1218,전북,익산,선화로 106 (모현동1가)063-837-3670,익산
1219,전북,익산,무왕로 1005 (영등동)063-851-3341,익산
1220,전북,익산,무왕로 1052 (영등동)063-836-7481,익산
1221,전북,전주,송천중앙로 228063-278-3578,전주
1222,전북,전주,덕진구 기지로 68 (중동)063-224-3577,전주
1223,전북,전주,덕진구 기린대로 491 (덕진동1가)063-271-3481,전주
1224,전북,전주,덕진구 명륜4길 12 (덕진동1가)063-251-8511,전주
1225,전북,전주,완산구 모악로 4696 (평화동2가)063-226-3580,전주
1226,전북,전주,완산구 백제대로 242 (중화산동2가)063-237-3457,전주
1227,전북,전주,완산구 용머리로 7 (효자동1가)063-224-8973,전주
1228,전북,전주,완산구 서신로 104 (서신동)063-252-8990,전주
1229,전북,전주,완산구 유연로 288 (중화산동2가)063-226-6939,전주
1230,전북,전주,완산구 홍산로 238 (효자동2가)063-236-8897,전주
1231,전북,전주,완산구 팔달로 123 (전동)063-282-9882,전주
1232,전북,전주,완산구 홍산중앙로 22 (효자동3가)063-228-8750,전주
1233,전북,전주,완산구 전주객사4길 44-18 (고사동)063-287-8462,전주
1234,전북,정읍,충정로 271 (수성동)063-532-3324,정읍
1235,전북,군산,수송로 195 (수송동)063-468-9454,군산
1236,전북,군산,황룡로 7 (미룡동)063-467-8540,군산
1237,충남,공주,반포면 동학사1로 114 042-822-3623,공주
1238,충남,공주,번영1로 113 (신관동)041-881-8736,공주
1239,충남,논산,중앙로398번길 13-10041-734-8961,논산
1240,충남,서산,나무장1길 22 (예천동)041-668-3517,서산
1241,충남,서산,"호수공원2로 33, 1~2층 (읍내동)041-664-9685",서산
1242,충남,천안,동남구 만남로 43 (신부동)041-569-3717,천안
1243,충남,천안,동남구 청수14로 102 (청당동)041-556-3495,천안
1244,충남,천안,동남구 안서3길 3 (안서동)041-523-3423,천안
1245,충남,천안,동남구 신부15길 3 (신부동)041-552-3242,천안
1246,충남,천안,동남구 만남로 9 (신안동)041-553-3720,천안
1247,충남,천안,서북구 삼성대로 20 (백석동)041-566-3828,천안
1248,충남,천안,서북구 불당34길 2 (불당동)041-523-3657,천안
1249,충남,천안,서북구 서부대로 405 (쌍용동)041-576-3647,천안
1250,충남,천안,서북구 불당22대로 67 (불당동)041-561-3572,천안
1251,충남,천안,서북구 충무로 133 (쌍용동)041-575-3472,천안
1252,충남,천안,서북구 불당33길 24 (불당동)041-569-3390,천안
1253,충남,천안,서북구 동서대로 154 (성정동)041-572-7858,천안
1254,충남,천안,서북구 불당4로 91 (불당동)041-567-9886,천안
1255,충남,천안,서북구 부성4길 3 (부성1동)041-556-7484,천안
1256,충남,천안,서북구 충무로 187 (쌍용동) 천안이마트 1층041-577-8388,천안
1257,충남,계룡,엄사면 번영로 6 042-551-3420,계룡
1258,충남,당진,서해로 6283 (시곡동)041-358-3628,당진
1259,충남,당진,"시청1로 78, 1층 (읍내동)041-357-8690",당진
1260,충남,아산,배방읍 배방로 22 041-549-3696,아산
1261,충남,아산,탕정면 탕정면로 10 041-544-3486,아산
1262,충남,아산,어의정로 117 (용화동)041-544-3386,아산
1263,충남,아산,번영로 232 (모종동)041-543-8962,아산
1264,충북,청주,상당구 1순환로 1243 (용암동)043-288-3616,청주
1265,충북,청주,상당구 산성로 129 (용담동)043-221-3441,청주
1266,충북,청주,상당구 무심동로392번길 20 (서문동)043-224-8513,청주
1267,충북,충주,국원대로 208-1 (금릉동)043-846-3441,충주
1268,충북,충주,봉계13길 2 (봉방동)043-843-3444,충주
1269,충북,충주,계명대로 227 (연수동)043-846-8590,충주
1270,충북,충주,"예성로 151 C&C몰 106호,107호 (성서동)043-853-8572",충주
1271,충북,제천,의림대로 181 (중앙로2가)043-642-3451,제천
1272,충북,청주,흥덕구 오송읍 오송생명로 220 043-232-3491,청주
1273,충북,청주,흥덕구 1순환로 514 (봉명동)043-262-3165,청주
1274,충북,청주,흥덕구 강서로 121 (강서동)043-237-8743,청주
1275,충북,청주,흥덕구 대농로 43 (복대동) 신영지웰시티 1차 상업시설043-234-8385,청주
1276,충북,청주,흥덕구 직지대로 308 (복대동)043-909-4077,청주
1277,충북,청주,흥덕구 풍산로 15 (가경동)043-232-8407,청주
1278,충북,청주,서원구 사직대로 302 (사직동)043-260-3616,청주
1279,충북,청주,서원구 복대로 5 (개신동)043-235-8964,청주
1280,충북,청주,서원구 내수동로 113 (사창동)043-272-8546,청주
1281,충북,청주,"청원구 오창읍 중심상업1로 20 101,102,103,104호043-216-3347",청주
1282,충북,청주,청원구 충청대로107번길 8 (율량동)043-211-8978,청주
1283,충북,청주,청원구 오창읍 과학산업2로 385 385043-216-8612,청주
1284,제주특별자치도,서귀포,안덕면 신화역사로304번길 38 B1-29064-908-1729,서귀포
1285,제주특별자치도,서귀포,대정읍 에듀시티로 36 064-792-3371,서귀포
1286,제주특별자치도,서귀포,성산읍 일출로 80 064-782-3273,서귀포
1287,제주특별자치도,서귀포,천제연로 95(색달동)064-738-8915,서귀포
1288,제주특별자치도,서귀포,중정로 53 (서귀동)064-763-8707,서귀포
1289,제주특별자치도,서귀포,형제해안로 322 (상모리)064-792-8731,서귀포
1290,제주특별자치도,서귀포,일주서로 11 (강정동)064-738-5943,서귀포
1291,제주특별자치도,서귀포,"성산읍 일출로 284-5, 1,2층064-782-8535",서귀포
1292,제주특별자치도,서귀포,중문관광로110번길 32 (색달동)064-738-8510,서귀포
1293,제주특별자치도,제주,중앙로 215 (이도이동)064-756-3511,제주
1294,제주특별자치도,제주,조천읍 조함해안로 522 064-783-3537,제주
1295,제주특별자치도,제주,연북로 12 (노형동)064-746-3367,제주
1296,제주특별자치도,제주,애월읍 애월해안로 376 064-799-3273,제주
1297,제주특별자치도,제주,관덕로 55 (일도일동)064-757-9892,제주
1298,제주특별자치도,제주,도령로 27 (노형동)064-745-8914,제주
1299,제주특별자치도,제주,서해안로 380 (용담삼동) 화이트하우스064-745-9817,제주
1300,제주특별자치도,제주,"1100로 3348, 신제주이마트 1층 (노형동)064-748-8657",제주
1301,세종특별자치시,세종,219 (다정동)044-864-3627,세종
1302,세종특별자치시,세종,64 (새롬동)044-866-3494,세종
1303,세종특별자치시,세종,499 (어진동)044-868-3297,세종
1304,세종특별자치시,세종,105-10 (종촌동) 성운프라자044-868-5480,세종
1305,세종특별자치시,세종,169 행복타워 1층044-863-7840,세종
1306,세종특별자치시,세종,687(가람동 406) 이마트 세종점044-864-4876,세종
1307,세종특별자치시,세종,81 (어진동)044-867-8705,세종
