,시도,군구,이디야_나머지데이터,ID
0,서울,종로,자하문로 7 (체부동),서울 종로
1,서울,종로,세종대로23길 15 (도렴동),서울 종로
2,서울,종로,"율곡로 6 (중학동, 트윈 트리 빌딩)",서울 종로
3,서울,종로,낙원동,서울 종로
4,서울,종로,대학로10길 17 (동숭동),서울 종로
5,서울,종로,통일로 266 (무악동),서울 종로
6,서울,종로,"율곡로 286 (종로6가, 야드인빌딩)",서울 종로
7,서울,종로,종로 354 (숭인동),서울 종로
8,서울,종로,대학로 81-1 (연건동),서울 종로
9,서울,종로,필운대로1길 35 (필운동),서울 종로
10,서울,종로,삼일대로15길 13 (관철동),서울 종로
11,서울,종로,홍지동,서울 종로
12,서울,종로,성균관로 8 (명륜2가),서울 종로
13,서울,종로,숭인동길 6 (숭인동),서울 종로
14,서울,종로,난계로29가길 2 (숭인동),서울 종로
15,서울,종로,삼일대로19길 24 (관철동),서울 종로
16,서울,종로,종로 73 (종로2가),서울 종로
17,서울,종로,종로 126 (종로3가),서울 종로
18,서울,종로,김상옥로 1 (인의동),서울 종로
19,서울,종로,대학로 33 (효제동),서울 종로
20,서울,종로,동호로 406-1 (종로5가),서울 종로
21,서울,종로,수송동,서울 종로
22,서울,종로,종로1가 르메이에르종로타운,서울 종로
23,서울,종로,삼일대로 390-1 (관철동),서울 종로
24,서울,종로,"종로 51 (종로2가, 종로타워)",서울 종로
25,서울,종로,돈화문로 41-1 (묘동),서울 종로
26,서울,종로,종로 316-1 (창신동),서울 종로
27,서울,종로,지봉로 64 (숭인동),서울 종로
28,서울,종로,낙원동,서울 종로
29,서울,종로,혜화로 3-1 (혜화동),서울 종로
30,서울,종로,창경궁로 258-15 (명륜2가),서울 종로
31,서울,중구,을지로 79 (을지로2가),서울 중구
32,서울,중구,세종대로1길 11 (봉래동1가),서울 중구
33,서울,중구,마른내로 165-1 (광희동1가),서울 중구
34,서울,중구,다동길 46 (다동),서울 중구
35,서울,중구,"창경궁로 2 (충무로5가, 남경빌딩)",서울 중구
36,서울,중구,을지로43길 38 (을지로6가),서울 중구
37,서울,중구,청계천로 318 (신당동),서울 중구
38,서울,중구,"만리재로 175 (만리동2가, 서울역센트럴자이),402동 102호",서울 중구
39,서울,중구,퇴계로 103 (충무로1가),서울 중구
40,서울,중구,명동8가길 37 (충무로2가),서울 중구
41,서울,중구,남대문로1길 57-1 (태평로2가),서울 중구
42,서울,중구,서소문로11길 8 (서소문동),서울 중구
43,서울,중구,세종대로21길 67 (태평로1가),서울 중구
44,서울,중구,다산로35길 11 (신당동),서울 중구
45,서울,중구,퇴계로 455 (황학동),서울 중구
46,서울,중구,동호로 186-13 (신당동),서울 중구
47,서울,중구,마른내로 109-1 (오장동),서울 중구
48,서울,중구,수표로 45 (저동2가),서울 중구
49,서울,중구,정동길 2-1 (정동),서울 중구
50,서울,중구,청파로 464 (중림동),서울 중구
51,서울,중구,다산로 181-2 (신당동),서울 중구
52,서울,중구,퇴계로27길 31 (충무로3가),서울 중구
53,서울,중구,퇴계로 188 (필동1가),서울 중구
54,서울,중구,퇴계로 381-1 (신당동),서울 중구
55,서울,중구,퇴계로 218-5 (필동2가),서울 중구
56,서울,중구,"중림로 10 (중림동, 중림동 삼성 사이버 빌리지)",서울 중구
57,서울,중구,세종대로11길 26 (서소문동),서울 중구
58,서울,중구,남대문로 29-2 (남대문로3가),서울 중구
59,서울,중구,"청계천로 400 (황학동, 롯데캐슬베네치아)",서울 중구
60,서울,중구,"퇴계로 72 (회현동1가, 리더스뷰남산)",서울 중구
61,서울,용산,한남대로 72 (한남동),서울 용산
62,서울,용산,이촌로77길 19 (이촌동),서울 용산
63,서울,용산,후암로 93 (동자동),서울 용산
64,서울,용산,"한강대로 205 (한강로1가, 용산파크자이)",서울 용산
65,서울,용산,한강대로 138 (한강로2가),서울 용산
66,서울,용산,한강대로 289 (갈월동),서울 용산
67,서울,용산,청파로47길 82 (청파동2가),서울 용산
68,서울,용산,대사관로 72,서울 용산
69,서울,용산,한강대로21나길 17 (한강로3가),서울 용산
70,서울,용산,한강대로 52-1 (한강로3가),서울 용산
71,서울,용산,효창원로66길 2 (효창동),서울 용산
72,서울,용산,원효로 257 (원효로1가),서울 용산
73,서울,용산,이태원로 281 (한남동),서울 용산
74,서울,성동,장터길 17-1 (금호동3가),서울 성동
75,서울,성동,난계로 35 (금호동1가),서울 성동
76,서울,성동,용답19길 17-1 (용답동),서울 성동
77,서울,성동,상원길 38-1 (성수동1가),서울 성동
78,서울,성동,고산자로 339-2 (마장동),서울 성동
79,서울,성동,마장로 293-1 (마장동),서울 성동
80,서울,성동,무학봉15길 27 (하왕십리동),서울 성동
81,서울,성동,왕십리로 96-1 (성수동1가),서울 성동
82,서울,성동,고산자로 269 (도선동),서울 성동
83,서울,성동,성덕정길 106 (성수동2가),서울 성동
84,서울,성동,성수이로 118 (성수동2가),서울 성동
85,서울,성동,아차산로15길 19 (성수동2가),서울 성동
86,서울,성동,"성수일로6길 47 (성수동2가, 현성빌딩)",서울 성동
87,서울,성동,금호산길 64 (금호동2가),서울 성동
88,서울,성동,무학로 22 (홍익동),서울 성동
89,서울,성동,매봉길 12 (옥수동),서울 성동
90,서울,성동,한림말5길 9 (옥수동),서울 성동
91,서울,성동,왕십리광장로 17 (행당동),서울 성동
92,서울,성동,왕십리로 309 (행당동),서울 성동
93,서울,성동,"독서당로 381 (응봉동, 현대종합상가)",서울 성동
94,서울,성동,천호대로 426 (용답동),서울 성동
95,서울,성동,"무학로 33 (하왕십리동, 텐즈힐)",서울 성동
96,서울,성동,사근동길 4 (행당동),서울 성동
97,서울,성동,고산자로 201 (행당동),서울 성동
98,서울,광진,아차산로30길 8 (자양동),서울 광진
99,서울,광진,"능동로 92 (자양동, 롯데백화점) 지하 2층 201호",서울 광진
100,서울,광진,"아차산로 272 (자양동, 더샵스타시티)",서울 광진
101,서울,광진,"아차산로 229 (화양동, 한림타워)",서울 광진
102,서울,광진,능동로 131-1 (화양동),서울 광진
103,서울,광진,"광나루로 416 (화양동, 건회빌딩)",서울 광진
104,서울,광진,아차산로 624 (광장동),서울 광진
105,서울,광진,자양로 136 (구의동),서울 광진
106,서울,광진,아차산로 481 (구의동),서울 광진
107,서울,광진,광나루로 508 (구의동),서울 광진
108,서울,광진,구의로 4 (구의동),서울 광진
109,서울,광진,"능동로 290 (능동, 삼일빌딩)",서울 광진
110,서울,광진,구의동,서울 광진
111,서울,광진,능동로 21 (자양동),서울 광진
112,서울,광진,능동로 261 (군자동),서울 광진
113,서울,광진,군자로 109 (군자동),서울 광진
114,서울,광진,천호대로 663 (구의동),서울 광진
115,서울,광진,광나루로 380 (화양동),서울 광진
116,서울,광진,자양로 46 (자양동),서울 광진
117,서울,광진,자양로 92 (자양동),서울 광진
118,서울,광진,"자양번영로 34 (자양동, 제이원하이텔)",서울 광진
119,서울,광진,용마산로 111 (중곡동),서울 광진
120,서울,광진,능동로 407 (중곡동),서울 광진
121,서울,광진,능동로 330 (중곡동),서울 광진
122,서울,동대문,경희대로 4 (회기동),서울 동대문
123,서울,동대문,"경희대로 26 (회기동, 경희대학교,경희초,중,고,여자중고등학교)",서울 동대문
124,서울,동대문,답십리로 154 (답십리동),서울 동대문
125,서울,동대문,천호대로 265 (답십리동),서울 동대문
126,서울,동대문,"한천로 55 (답십리동, 영진빌딩)",서울 동대문
127,서울,동대문,천호대로 153-1 (용두동),서울 동대문
128,서울,동대문,무학로 104 (용두동),서울 동대문
129,서울,동대문,답십리로63길 131 (장안동),서울 동대문
130,서울,동대문,서울시립대로 164 (전농동),서울 동대문
131,서울,동대문,휘경로 12 (이문동),서울 동대문
132,서울,동대문,왕산로 68 (용두동),서울 동대문
133,서울,동대문,고산자로 413-1 (용두동),서울 동대문
134,서울,동대문,신이문로 19 (이문동),서울 동대문
135,서울,동대문,답십리로 309 (장안동),서울 동대문
136,서울,동대문,장한로 43 (장안동),서울 동대문
137,서울,동대문,사가정로25길 42 (장안동),서울 동대문
138,서울,동대문,답십리로 77 (전농동),서울 동대문
139,서울,동대문,사가정로 132 (전농동),서울 동대문
140,서울,동대문,왕산로 225 (청량리동),서울 동대문
141,서울,동대문,답십리로 264 (장안동),서울 동대문
142,서울,동대문,"망우로 67 (휘경동, 효자 워너빌)",서울 동대문
143,서울,동대문,회기로 194-1 (휘경동),서울 동대문
144,서울,중랑,망우로 460 (망우동),서울 중랑
145,서울,중랑,망우로 416 (망우동),서울 중랑
146,서울,중랑,"용마산로115길 109 (망우동, 한일써너스빌리젠시2단지)",서울 중랑
147,서울,중랑,면목로 370 (면목동),서울 중랑
148,서울,중랑,면목로 417 (면목동),서울 중랑
149,서울,중랑,"동일로 932 (묵동, 묵동자이아파트)",서울 중랑
150,서울,중랑,신내로 211 (신내동),서울 중랑
151,서울,중랑,면목로 325 (면목동),서울 중랑
152,서울,중랑,"망우로 353 (상봉동, 상봉 프레미어스 엠코)",서울 중랑
153,서울,중랑,망우로 288 (상봉동),서울 중랑
154,서울,중랑,망우로 316 (상봉동),서울 중랑
155,서울,중랑,"용마산로 394 (면목동, 해동검도)",서울 중랑
156,서울,중랑,봉화산로 215 (신내동),서울 중랑
157,서울,중랑,면목로 247 (면목동),서울 중랑
158,서울,중랑,봉우재로 240 (망우동),서울 중랑
159,서울,중랑,동일로 683 (면목동),서울 중랑
160,서울,중랑,망우로 198 (상봉동),서울 중랑
161,서울,중랑,"동일로 815, 1층",서울 중랑
162,서울,성북,개운사길 30 (안암동5가),서울 성북
163,서울,성북,인촌로 24 (안암동2가),서울 성북
164,서울,성북,종암로 지하 1 (종암동),서울 성북
165,서울,성북,정릉로9라길 8 (정릉동),서울 성북
166,서울,성북,"길음로 74 (길음동, 길음 에스에이치빌)",서울 성북
167,서울,성북,동소문로 지하 248 (길음동),서울 성북
168,서울,성북,동소문로 119 (동선동4가),서울 성북
169,서울,성북,"아리랑로 75 (돈암동, 돈암코오롱하늘채)",서울 성북
170,서울,성북,돌곶이로22길 3 (석관동),서울 성북
171,서울,성북,화랑로 99,서울 성북
172,서울,성북,동소문로13길 5 (동소문동4가),서울 성북
173,서울,성북,보문로 111 (보문동2가),서울 성북
174,서울,성북,화랑로 지하 157 (상월곡동),서울 성북
175,서울,성북,화랑로40길 61 (석관동),서울 성북
176,서울,성북,보문로 162 (삼선동5가),서울 성북
177,서울,성북,보문로34길 100 (동선동2가),서울 성북
178,서울,성북,오패산로 99 (하월곡동),서울 성북
179,서울,성북,"종암로 167 (하월곡동, 동일하이빌뉴시티)",서울 성북
180,서울,성북,월계로40길 7 (장위동),서울 성북
181,서울,성북,장위로 35 (장위동),서울 성북
182,서울,성북,"정릉로 307 (정릉동, 라온유 아파트)",서울 성북
183,서울,성북,"북악산로 851 (정릉동, 정릉2차 e-편한세상)",서울 성북
184,서울,성북,보국문로 77 (정릉동),서울 성북
185,서울,성북,정릉로 251 (정릉동),서울 성북
186,서울,성북,종암로 105 (종암동),서울 성북
187,서울,성북,오패산로 16 (하월곡동),서울 성북
188,서울,성북,동소문로 19 (동소문동1가),서울 성북
189,서울,성북,삼선교로 10 (삼선동1가),서울 성북
190,서울,강북,삼양로 501 (수유동),서울 강북
191,서울,강북,한천로 1083 (수유동),서울 강북
192,서울,강북,도봉로10길 28 (미아동),서울 강북
193,서울,강북,도봉로 41-1 (미아동),서울 강북
194,서울,강북,삼양로 118 (미아동),서울 강북
195,서울,강북,도봉로 207 (미아동),서울 강북
196,서울,강북,도봉로 128 (미아동),서울 강북
197,서울,강북,"오현로 194 (번동, 덕수빌딩)",서울 강북
198,서울,강북,4.19로 85 (수유동),서울 강북
199,서울,강북,솔샘로40길 3 (미아동),서울 강북
200,서울,강북,솔샘로 257 (미아동),서울 강북
201,서울,강북,삼양로 234 (미아동),서울 강북
202,서울,강북,삼양로 293 (수유동),서울 강북
203,서울,강북,"덕릉로 82 (수유동, 제네스타워)",서울 강북
204,서울,강북,도봉로 355 (수유동),서울 강북
205,서울,강북,도봉로 381 (수유동),서울 강북
206,서울,강북,삼양로 425 (수유동),서울 강북
207,서울,강북,삼양로173길 21 (우이동),서울 강북
208,서울,강북,덕릉로 31 (수유동),서울 강북
209,서울,도봉,삼양로 542 (쌍문동),서울 도봉
210,서울,도봉,"도봉로150길 43 (방학동, ESA 아파트)",서울 도봉
211,서울,도봉,해등로 157 (쌍문동),서울 도봉
212,서울,도봉,"도봉로 964-40 (도봉동, 도봉산역7호선)",서울 도봉
213,서울,도봉,도봉로 823 (도봉동),서울 도봉
214,서울,도봉,도봉로181길 18 (도봉동),서울 도봉
215,서울,도봉,도봉로 677 (방학동),서울 도봉
216,서울,도봉,도봉로153길 15 (방학동),서울 도봉
217,서울,도봉,방학로 171 (방학동),서울 도봉
218,서울,도봉,도당로13길 22 (방학동),서울 도봉
219,서울,도봉,"해등로 255 (쌍문동, 에벤에셀아파트)",서울 도봉
220,서울,도봉,덕릉로 235 (창동),서울 도봉
221,서울,도봉,노해로 162 (쌍문동),서울 도봉
222,서울,도봉,도봉로117길 4 (쌍문동),서울 도봉
223,서울,도봉,도봉로 519 (쌍문동),서울 도봉
224,서울,도봉,마들로11길 65 (창동),서울 도봉
225,서울,도봉,노해로63길 78 (창동),서울 도봉
226,서울,도봉,해등로16길 61 (창동),서울 도봉
227,서울,도봉,도봉로114길 22 (창동),서울 도봉
228,서울,노원,동일로192길 5 (공릉동),서울 노원
229,서울,노원,공릉로 146 (공릉동),서울 노원
230,서울,노원,광운로 29 (월계동),서울 노원
231,서울,노원,노해로 494 (상계동),서울 노원
232,서울,노원,동일로 1393 (상계동),서울 노원
233,서울,노원,상계로 64 (상계동),서울 노원
234,서울,노원,노원로 452 (상계동),서울 노원
235,서울,노원,상계로 313 (상계동),서울 노원
236,서울,노원,동일로 1541 (상계동),서울 노원
237,서울,노원,한글비석로52길 8 (상계동),서울 노원
238,서울,노원,동일로 1354 (상계동),서울 노원
239,서울,노원,한글비석로 409 (상계동) 1~2층,서울 노원
240,서울,노원,덕릉로 698 (중계동),서울 노원
241,서울,노원,동일로 1650 (상계동),서울 노원
242,서울,노원,공릉로 208 (공릉동),서울 노원
243,서울,노원,노원로 3 (공릉동),서울 노원
244,서울,노원,"화랑로 지하 347-1, 석계역내",서울 노원
245,서울,노원,석계로3길 3 (월계동),서울 노원
246,서울,노원,"한글비석로 57 (하계동, 세이브존)",서울 노원
247,서울,노원,"동일로 1689 (상계동, 하이베라스)",서울 노원
248,서울,노원,공릉로46길 6 (공릉동),서울 노원
249,서울,노원,광운로22길 39 (월계동),서울 노원
250,서울,노원,월계동,서울 노원
251,서울,노원,중계로 201 (중계동),서울 노원
252,서울,노원,노원로22길 70 (중계동),서울 노원
253,서울,노원,중계로14바길 2 (중계동),서울 노원
254,서울,노원,"동일로203가길 29 (중계동, 브라운스톤중계)",서울 노원
255,서울,노원,동일로 1280 (중계동),서울 노원
256,서울,노원,동일로204가길 34 (중계동),서울 노원
257,서울,노원,덕릉로73길 18 (중계동),서울 노원
258,서울,노원,화랑로 453 (공릉동),서울 노원
259,서울,노원,노원로 257 (하계동),서울 노원
260,서울,노원,공릉로 326 (하계동),서울 노원
261,서울,노원,화랑로 지하 510 (공릉동),서울 노원
262,서울,은평,갈현로 268 (갈현동),서울 은평
263,서울,은평,서오릉로 195 (구산동),서울 은평
264,서울,은평,연서로 148 (대조동),서울 은평
265,서울,은평,"진관2로 29-21 (진관동, 드림스퀘어)",서울 은평
266,서울,은평,"진흥로 156 (녹번동, 신명빌딩)",서울 은평
267,서울,은평,"불광로 128 (불광동, 배진하우스)",서울 은평
268,서울,은평,증산동,서울 은평
269,서울,은평,"응암로 264 (응암동, 서울빌딩)",서울 은평
270,서울,은평,"통일로 지하 723-1 (대조동, 3,6호선 불광역사무소)",서울 은평
271,서울,은평,연서로 275 (불광동),서울 은평
272,서울,은평,불광로 59 (불광동),서울 은평
273,서울,은평,수색로 250 (수색동),서울 은평
274,서울,은평,"갈현로 1 (신사동, 하나은행)",서울 은평
275,서울,은평,갈현로 82 (역촌동),서울 은평
276,서울,은평,서오릉로 100 (대조동),서울 은평
277,서울,은평,통일로 855-4 (갈현동),서울 은평
278,서울,은평,통일로 825 (대조동),서울 은평
279,서울,은평,통일로 876 (불광동),서울 은평
280,서울,은평,은평로 197 (녹번동),서울 은평
281,서울,은평,"진관3로 70 (진관동, 은평뉴타운상림마을)",서울 은평
282,서울,은평,"은평로 111 (응암동, 은평이마트)",서울 은평
283,서울,은평,응암로 211 (응암동),서울 은평
284,서울,은평,응암로 183 (응암동),서울 은평
285,서울,서대문,"수색로 100 (북가좌동, DMC래미안e편한세상)",서울 서대문
286,서울,서대문,"가재울미래로 2 (남가좌동, DMC파크뷰자이)",서울 서대문
287,서울,서대문,수색로 32 (남가좌동),서울 서대문
288,서울,서대문,영천동,서울 서대문
289,서울,서대문,신촌로 5 (창천동),서울 서대문
290,서울,서대문,거북골로 35 (남가좌동),서울 서대문
291,서울,서대문,가좌로 140 (홍은동),서울 서대문
292,서울,서대문,홍제동,서울 서대문
293,서울,서대문,증가로 257 (북가좌동),서울 서대문
294,서울,서대문,냉천동,서울 서대문
295,서울,서대문,신촌역로 35 (창천동),서울 서대문
296,서울,서대문,신촌로 87-20 (창천동),서울 서대문
297,서울,서대문,연희로 42 (연희동),서울 서대문
298,서울,서대문,연희로10길 86 (연희동),서울 서대문
299,서울,서대문,연세로12길 10 (창천동),서울 서대문
300,서울,서대문,연희로 117 (연희동),서울 서대문
301,서울,서대문,"통일로 510 (홍은동, 북한산 더샵)",서울 서대문
302,서울,서대문,홍은동,서울 서대문
303,서울,서대문,홍제동,서울 서대문
304,서울,마포,마포대로8길 15 (공덕동),서울 마포
305,서울,마포,"창전로 45 (창전동, 서강한화오벨리스크)",서울 마포
306,서울,마포,백범로 100 (대흥동),서울 마포
307,서울,마포,동교로27길 8 (동교동),서울 마포
308,서울,마포,마포대로 173 (공덕동),서울 마포
309,서울,마포,새창로 6 (도화동),서울 마포
310,서울,마포,월드컵로 196 (성산동),서울 마포
311,서울,마포,독막로 320 (도화동),서울 마포
312,서울,마포,도화길 10 (도화동),서울 마포
313,서울,마포,월드컵로 82-1 (서교동),서울 마포
314,서울,마포,월드컵로 147 (망원동),서울 마포
315,서울,마포,와우산로 41-1 (상수동),서울 마포
316,서울,마포,월드컵북로 396 (상암동),서울 마포
317,서울,마포,월드컵북로 375 (상암동),서울 마포
318,서울,마포,월드컵북로56길 9 (상암동),서울 마포
319,서울,마포,성암로13길 58 (상암동),서울 마포
320,서울,마포,월드컵로 240 (성산동),서울 마포
321,서울,마포,백범로 34 (신수동),서울 마포
322,서울,마포,와우산로29길 70 (서교동),서울 마포
323,서울,마포,월드컵북로 137 (성산동),서울 마포
324,서울,마포,성미산로 78 (성산동),서울 마포
325,서울,마포,서강로 135 (노고산동),서울 마포
326,서울,마포,마포대로 208 (아현동),서울 마포
327,서울,마포,"마포대로 33 (도화동, 마포 한화 오벨리스크)",서울 마포
328,서울,마포,망원로 21 (망원동),서울 마포
329,서울,마포,양화로1길 21 (합정동),서울 마포
330,서울,마포,양화로6길 90 (합정동),서울 마포
331,서울,마포,독막로2길 5 (합정동),서울 마포
332,서울,마포,양화로11길 54 (서교동),서울 마포
333,서울,마포,"양화로 45 (서교동, 메세나폴리스)",서울 마포
334,서울,마포,양화로 124 (서교동),서울 마포
335,서울,마포,월드컵북로 7 (서교동),서울 마포
336,서울,마포,와우산로 148 (창전동),서울 마포
337,서울,마포,"홍익로 10 (서교동, 서교푸르지오)",서울 마포
338,서울,양천,목동서로 159-1 (목동),서울 양천
339,서울,양천,오목로 48 (신월동),서울 양천
340,서울,양천,신월로 350 (신정동),서울 양천
341,서울,양천,"목동중앙북로 38 (목동, 롯데캐슬위너아파트)",서울 양천
342,서울,양천,목동중앙본로7길 46 (목동),서울 양천
343,서울,양천,목동남로 46 (신정동),서울 양천
344,서울,양천,등촌로 180 (목동),서울 양천
345,서울,양천,"목동중앙로 85 (목동, 강산아파트)",서울 양천
346,서울,양천,오목로 227 (신정동),서울 양천
347,서울,양천,"목동서로 287 (신정동, 동문비젼오피스텔)",서울 양천
348,서울,양천,목동서로 155 (목동),서울 양천
349,서울,양천,목동동로 379 (목동),서울 양천
350,서울,양천,신정동,서울 양천
351,서울,양천,화곡로 50 (신월동),서울 양천
352,서울,양천,지양로 79 (신월동),서울 양천
353,서울,양천,신월로 172 (신월동),서울 양천
354,서울,양천,신목로 36 (신정동),서울 양천
355,서울,양천,중앙로 282 (신정동),서울 양천
356,서울,양천,신정로11길 50-15 (신정동),서울 양천
357,서울,양천,오목로 155 (신정동),서울 양천
358,서울,양천,목동동로 63 (신정동),서울 양천
359,서울,양천,오목로 319 (목동),서울 양천
360,서울,양천,신목로 102 (목동),서울 양천
361,서울,강서,양천로 500 (등촌동),서울 강서
362,서울,강서,강서로54길 11 (등촌동),서울 강서
363,서울,강서,공항대로 437 (등촌동),서울 강서
364,서울,강서,"화곡로 292 (화곡동, 서광프리메라)",서울 강서
365,서울,강서,양천로 401 (가양동),서울 강서
366,서울,강서,양천로 28 (방화동),서울 강서
367,서울,강서,곰달래로 52 (화곡동),서울 강서
368,서울,강서,방화동로 37 (방화동),서울 강서
369,서울,강서,하늘길 지하 77 (방화동),서울 강서
370,서울,강서,까치산로 182 (화곡동),서울 강서
371,서울,강서,강서로17길 6 (화곡동),서울 강서
372,서울,강서,강서로 306 (내발산동),서울 강서
373,서울,강서,공항대로41길 34 (등촌동),서울 강서
374,서울,강서,"공항대로61길 20 (염창동, 우리프리머스)",서울 강서
375,서울,강서,등촌로 217 (등촌동),서울 강서
376,서울,강서,"마곡중앙5로 6 (마곡동 282-2, 마곡나루역보타닉푸르지오시티)",서울 강서
377,서울,강서,"양천로 344 (마곡동, 대방 디엠시티 오피스텔 1차)",서울 강서
378,서울,강서,수명로 68-27 (내발산동),서울 강서
379,서울,강서,"마곡서로 101 (마곡동, 동익드미라벨복합빌딩)",서울 강서
380,서울,강서,"공항대로 195 (마곡동, 힐스테이트에코동익)",서울 강서
381,서울,강서,"마곡중앙6로 66 (마곡동, 퀸즈파크텐)",서울 강서
382,서울,강서,"공항대로 247 (마곡동, 퀸즈파크나인)",서울 강서
383,서울,강서,등촌로 15 (화곡동),서울 강서
384,서울,강서,공항대로 280 (내발산동),서울 강서
385,서울,강서,방화동로 95 (방화동),서울 강서
386,서울,강서,양천로 72 (방화동),서울 강서
387,서울,강서,금낭화로 146 (방화동),서울 강서
388,서울,강서,공항대로 24 (공항동),서울 강서
389,서울,강서,마곡중앙5로 81 (마곡동),서울 강서
390,서울,강서,"방화대로34길 92 (방화동, 불해빌딩)",서울 강서
391,서울,강서,강서로 462 (등촌동),서울 강서
392,서울,강서,양천로 689 (염창동),서울 강서
393,서울,강서,양천로 583 (염창동),서울 강서
394,서울,강서,공항대로 629 (염창동),서울 강서
395,서울,강서,우현로 15 (화곡동),서울 강서
396,서울,강서,강서로45길 5 (화곡동),서울 강서
397,서울,강서,"양천로 551-17 (가양동, 한화비즈메트로1차)",서울 강서
398,서울,강서,등촌로5길 80 (화곡동),서울 강서
399,서울,강서,화곡로 133 (화곡동),서울 강서
400,서울,강서,곰달래로 135 (화곡동),서울 강서
401,서울,강서,강서로 161 (화곡동),서울 강서
402,서울,강서,가로공원로76길 61 (화곡동),서울 강서
403,서울,강서,까치산로 79 (화곡동),서울 강서
404,서울,구로,경인로40길 12 (개봉동),서울 구로
405,서울,구로,개봉로3길 26 (개봉동),서울 구로
406,서울,구로,개봉로 69 (개봉동),서울 구로
407,서울,구로,구로동로 157 (구로동),서울 구로
408,서울,구로,"고척로 228-6 (고척동, 종만빌딩)",서울 구로
409,서울,구로,"경인로 397 (고척동, 골든타워빌딩)",서울 구로
410,서울,구로,구로동로 240 (구로동),서울 구로
411,서울,구로,구로중앙로28길 73 (구로동),서울 구로
412,서울,구로,고척로 149 (고척동),서울 구로
413,서울,구로,"구로중앙로 68 (구로동, 신안타워)",서울 구로
414,서울,구로,디지털로31길 81 (구로동),서울 구로
415,서울,구로,경인로 482 (구로동),서울 구로
416,서울,구로,구로중앙로 228 (신도림동),서울 구로
417,서울,구로,디지털로33길 11 (구로동),서울 구로
418,서울,구로,디지털로32길 43 (구로동),서울 구로
419,서울,구로,도림로 79 (구로동),서울 구로
420,서울,구로,구로중앙로 174 (구로동),서울 구로
421,서울,구로,디지털로30길 31 (구로동),서울 구로
422,서울,구로,구일로 110 (구로동),서울 구로
423,서울,구로,디지털로27길 127 (가리봉동),서울 구로
424,서울,구로,경인로47길 14 (고척동),서울 구로
425,서울,구로,"중앙로8길 11 (고척동, 고척 월드메르디앙)",서울 구로
426,서울,구로,연동로 312 (항동),서울 구로
427,서울,구로,"신도림로 65 (신도림동, 신도림월드메르디앙오피스텔)",서울 구로
428,서울,구로,새말로 97 (구로동),서울 구로
429,서울,구로,오류로8길 65 (오류동),서울 구로
430,서울,구로,경인로20길 6 (오류동),서울 구로
431,서울,구로,부일로 872 (온수동),서울 구로
432,서울,구로,천왕로 36 (천왕동),서울 구로
433,서울,구로,디지털로26길 5 (구로동),서울 구로
434,서울,금천,가산디지털1로 171 (가산동),서울 금천
435,서울,금천,디지털로9길 32 (가산동),서울 금천
436,서울,금천,가산디지털2로 70 (가산동),서울 금천
437,서울,금천,가산로 111 (가산동),서울 금천
438,서울,금천,가산디지털2로 108 (가산동),서울 금천
439,서울,금천,벚꽃로 286 (가산동),서울 금천
440,서울,금천,벚꽃로 244 (가산동),서울 금천
441,서울,금천,가산디지털1로 196 (가산동),서울 금천
442,서울,금천,가산디지털2로 123 (가산동),서울 금천
443,서울,금천,"가산디지털1로 30 (가산동, 에이스하이엔드타워10)",서울 금천
444,서울,금천,"시흥대로 291 (독산동, 금천롯데캐슬골드파크3차)",서울 금천
445,서울,금천,"독산로 218 (독산동, 창영빌딩)",서울 금천
446,서울,금천,시흥대로 399 (독산동),서울 금천
447,서울,금천,시흥대로 150 (시흥동),서울 금천
448,서울,금천,독산로 124 (시흥동),서울 금천
449,서울,금천,시흥대로 476 (독산동),서울 금천
450,서울,금천,시흥동,서울 금천
451,서울,금천,시흥대로63길 8 (시흥동),서울 금천
452,서울,금천,"시흥대로 88 (시흥동, 오복빌딩)",서울 금천
453,서울,금천,금하로 748 (시흥동),서울 금천
454,서울,금천,금하로 690 (시흥동),서울 금천
455,서울,영등포,국제금융로8길 27-9 (여의도동),서울 영등포
456,서울,영등포,버드나루로 87 (영등포동7가),서울 영등포
457,서울,영등포,"당산로 222 (당산동5가, 당산디오빌)",서울 영등포
458,서울,영등포,당산로 159 (당산동4가),서울 영등포
459,서울,영등포,대림로 212 (대림동),서울 영등포
460,서울,영등포,도림로31길 2 (대림동),서울 영등포
461,서울,영등포,도림로 326 (신길동),서울 영등포
462,서울,영등포,"도신로15길 40 (도림동, 도림빌딩)",서울 영등포
463,서울,영등포,63로 40 (여의도동),서울 영등포
464,서울,영등포,문래로 89 (문래동3가),서울 영등포
465,서울,영등포,여의대방로 141 (신길동),서울 영등포
466,서울,영등포,국회대로 780 (여의도동),서울 영등포
467,서울,영등포,양평로 126 (양평동5가),서울 영등포
468,서울,영등포,신길로 163 (신길동),서울 영등포
469,서울,영등포,신길로 42 (신길동),서울 영등포
470,서울,영등포,도림로 280 (신길동),서울 영등포
471,서울,영등포,영등포로 353 (신길동),서울 영등포
472,서울,영등포,도신로 229 (신길동),서울 영등포
473,서울,영등포,신풍로 52-1 (신길동),서울 영등포
474,서울,영등포,"선유서로25길 19 (양평동2가, 오목교투웨니퍼스트)",서울 영등포
475,서울,영등포,여의나루로 113 (여의도동),서울 영등포
476,서울,영등포,국제금융로8길 2 (여의도동),서울 영등포
477,서울,영등포,의사당대로 108 (여의도동),서울 영등포
478,서울,영등포,당산로 110 (당산동3가),서울 영등포
479,서울,영등포,영등포로 272 (영등포동3가),서울 영등포
480,서울,영등포,영신로19길 15 (영등포동),서울 영등포
481,서울,영등포,영등포로35길 19 (영등포동6가),서울 영등포
482,서울,영등포,"국회대로54길 10 (영등포동7가, 아크로타워 스퀘어)",서울 영등포
483,서울,영등포,경인로 775 (문래동3가),서울 영등포
484,서울,영등포,경인로 838-1 (영등포동),서울 영등포
485,서울,영등포,영중로 37 (영등포동4가),서울 영등포
486,서울,영등포,"당산로 42 (문래동3가, 홈플러스)",서울 영등포
487,서울,영등포,버드나루로 51 (영등포동2가),서울 영등포
488,서울,영등포,은행로 38 (여의도동),서울 영등포
489,서울,동작,사당로17가길 13 (사당동),서울 동작
490,서울,동작,노량진로 200 (노량진동),서울 동작
491,서울,동작,노량진로 110 (노량진동),서울 동작
492,서울,동작,시흥대로 658 (신대방동),서울 동작
493,서울,동작,"노량진로 24 (대방동, 한신빌딩)",서울 동작
494,서울,동작,여의대방로 90 (신대방동),서울 동작
495,서울,동작,"보라매로5가길 16 (신대방동, 보라매아카데미타워)",서울 동작
496,서울,동작,동작대로7길 100 (사당동),서울 동작
497,서울,동작,동작대로 45 (사당동),서울 동작
498,서울,동작,상도로 277 (상도1동),서울 동작
499,서울,동작,사당로 2 (상도동),서울 동작
500,서울,동작,상도로 78 (대방동),서울 동작
501,서울,동작,양녕로 183 (상도동),서울 동작
502,서울,동작,사당로 285 (사당동),서울 동작
503,서울,동작,상도로 193 (상도동),서울 동작
504,서울,동작,흑석로 79 (흑석동),서울 동작
505,서울,동작,흑석로 20 (상도동),서울 동작
506,서울,동작,동작대로 119-1 (사당동),서울 동작
507,서울,동작,"사당로16가길 96 (사당동) 1,2층",서울 동작
508,서울,동작,여의대방로 194 (대방동),서울 동작
509,서울,관악,"관악로 164 (봉천동, 대우디오슈페리움1단지)",서울 관악
510,서울,관악,남부순환로 1369 (신림동),서울 관악
511,서울,관악,남부순환로 1915 (봉천동),서울 관악
512,서울,관악,남부순환로 1444 (신림동),서울 관악
513,서울,관악,난곡로 60 (신림동),서울 관악
514,서울,관악,"과천대로 909 (남현동, 남현프라자)",서울 관악
515,서울,관악,신림로 91 (신림동),서울 관악
516,서울,관악,봉천로 245 (봉천동),서울 관악
517,서울,관악,"보라매로 62 (봉천동, 보라매삼성아파트)",서울 관악
518,서울,관악,은천로 23 (봉천동),서울 관악
519,서울,관악,남부순환로 1725 (봉천동),서울 관악
520,서울,관악,남부순환로 1874 (봉천동),서울 관악
521,서울,관악,과천대로 951 (남현동),서울 관악
522,서울,관악,"관악로 195 (봉천동, 관악위버폴리스)",서울 관악
523,서울,관악,남부순환로216길 2 (봉천동),서울 관악
524,서울,관악,난곡로 368 (신림동),서울 관악
525,서울,관악,난곡로 197 (신림동),서울 관악
526,서울,관악,남부순환로 1541-1 (신림동),서울 관악
527,서울,관악,호암로26길 17 (신림동),서울 관악
528,서울,관악,남부순환로 1617 (신림동),서울 관악
529,서울,관악,신림로 262-1 (신림동),서울 관악
530,서울,관악,난곡로 250 (신림동),서울 관악
531,서울,관악,신원로 16 (신림동),서울 관악
532,서울,관악,신림로 328 (신림동),서울 관악
533,서울,관악,관천로 52 (신림동),서울 관악
534,서울,관악,봉천로6길 24 (신림동),서울 관악
535,서울,관악,인헌길 17 (봉천동),서울 관악
536,서울,관악,"쑥고개로 80 (봉천동, 제이빌딩)",서울 관악
537,서울,관악,은천로 101 (봉천동),서울 관악
538,서울,서초,"신반포로 지하 200 (잠원동, 강남터미널지하쇼핑몰)",서울 서초
539,서울,서초,"서초대로56길 22 (서초동, 성운빌딩)",서울 서초
540,서울,서초,"바우뫼로 180 (양재동, 신송빌딩)",서울 서초
541,서울,서초,"신반포로 50 (반포동, 구반포상가)",서울 서초
542,서울,서초,서초동,서울 서초
543,서울,서초,"서초대로 108 (방배동, 삼보빌딩)",서울 서초
544,서울,서초,방배로 87 (방배동),서울 서초
545,서울,서초,"동광로 1 (방배동, 대양빌딩)",서울 서초
546,서울,서초,서초동,서울 서초
547,서울,서초,서초동,서울 서초
548,서울,서초,서초동,서울 서초
549,서울,서초,"서초중앙로24길 7 (서초동, 동천빌딩)",서울 서초
550,서울,서초,서초동,서울 서초
551,서울,서초,"양재대로2길 100-11 (우면동, 서초 리슈빌S)",서울 서초
552,서울,서초,서초대로48길 16 (서초동),서울 서초
553,서울,서초,강남대로79길 10 (반포동),서울 서초
554,서울,서초,"동산로 3 (양재동, 한서빌딩)",서울 서초
555,서울,서초,"동산로 60 (양재동, 화성빌딩)",서울 서초
556,서울,서초,서초동,서울 서초
557,서울,서초,"강남대로 221 (양재동, 양재역 환승주차장)",서울 서초
558,서울,서초,"청계산로 10 (양재동, 농협하나로클럽)",서울 서초
559,서울,서초,"반포대로 32 (서초동, 원일빌딩)",서울 서초
560,서울,서초,"바우뫼로 20 (우면동, 고호빌딩)",서울 서초
561,서울,서초,"서초대로 12 (방배동, 세양아르비채)",서울 서초
562,서울,서초,신반포로 333 (잠원동),서울 서초
563,서울,서초,신원동,서울 서초
564,서울,서초,양재동,서울 서초
565,서울,서초,방배로 234 우신빌딩,서울 서초
566,서울,강남,논현동,서울 강남
567,서울,강남,논현로131길 28 (논현동),서울 강남
568,서울,강남,도산대로37길 20 (신사동),서울 강남
569,서울,강남,헌릉로569길 9 (세곡동),서울 강남
570,서울,강남,강남대로 지하 396 (역삼동),서울 강남
571,서울,강남,"자곡로 180 (자곡동, 강남유탑유블레스)",서울 강남
572,서울,강남,개포로82길 11 (개포동),서울 강남
573,서울,강남,언주로 711 (논현동),서울 강남
574,서울,강남,"개포로109길 34 (개포동, 대청프라자)",서울 강남
575,서울,강남,남부순환로 2937 (대치동),서울 강남
576,서울,강남,테헤란로78길 16 (대치동),서울 강남
577,서울,강남,논현로 142 (도곡동),서울 강남
578,서울,강남,논현동,서울 강남
579,서울,강남,테헤란로88길 10 (대치동),서울 강남
580,서울,강남,봉은사로86길 30 (삼성동),서울 강남
581,서울,강남,봉은사로 442 (삼성동),서울 강남
582,서울,강남,테헤란로107길 11 (삼성동),서울 강남
583,서울,강남,선릉로 519 (역삼동),서울 강남
584,서울,강남,대치동,서울 강남
585,서울,강남,봉은사로 326 (역삼동),서울 강남
586,서울,강남,광평로 280 (수서동),서울 강남
587,서울,강남,신사동,서울 강남
588,서울,강남,도산대로 118 (논현동),서울 강남
589,서울,강남,선릉로161길 20 (신사동),서울 강남
590,서울,강남,신사동,서울 강남
591,서울,강남,"논현로63길 16 (역삼동, 역삼종합시장 더블루)",서울 강남
592,서울,강남,테헤란로43길 18 (역삼동),서울 강남
593,서울,강남,테헤란로25길 17 (역삼동),서울 강남
594,서울,강남,역삼로52길 14 (역삼동),서울 강남
595,서울,강남,논현로72길 13 (역삼동),서울 강남
596,서울,강남,언주로81길 8 (역삼동),서울 강남
597,서울,강남,강남대로 314 (역삼동),서울 강남
598,서울,강남,논현로98길 7 (역삼동),서울 강남
599,서울,강남,"테헤란로4길 46 (역삼동, 쌍용플래티넘밸류)",서울 강남
600,서울,강남,도산대로30길 7 (논현동),서울 강남
601,서울,강남,"논현로 636 (논현동, 이디야빌딩)",서울 강남
602,서울,강남,양재대로27길 20 (일원동),서울 강남
603,서울,강남,도산대로 521 (청담동),서울 강남
604,서울,강남,학동로 지하 508 (청담동),서울 강남
605,서울,강남,개포로 218 (개포동),서울 강남
606,서울,강남,도곡로63길 16 (대치동),서울 강남
607,서울,송파,충민로 10 (문정동),서울 송파
608,서울,송파,충민로 66 (문정동),서울 송파
609,서울,송파,양재대로 932 (가락동),서울 송파
610,서울,송파,중대로 127 (가락동),서울 송파
611,서울,송파,송이로 87 (가락동),서울 송파
612,서울,송파,"오금로 407 (오금동, 상아아파트)",서울 송파
613,서울,송파,오금로 497 (거여동),서울 송파
614,서울,송파,마천로 264 (거여동),서울 송파
615,서울,송파,백제고분로 509 (방이동),서울 송파
616,서울,송파,"정의로 70 (문정동, 케이디유타워)",서울 송파
617,서울,송파,새말로8길 30 (문정동),서울 송파
618,서울,송파,"법원로 114 (문정동, 엠스테이트)",서울 송파
619,서울,송파,문정로 31-1 (문정동),서울 송파
620,서울,송파,"송파대로 167 (문정동, 문정역테라타워)",서울 송파
621,서울,송파,오금로 251 (방이동),서울 송파
622,서울,송파,백제고분로48길 3 (방이동),서울 송파
623,서울,송파,위례성대로18길 32 (방이동),서울 송파
624,서울,송파,가락로 280 (방이동),서울 송파
625,서울,송파,백제고분로 263 (삼전동),서울 송파
626,서울,송파,"백제고분로39길 15 (석촌동, 삼경빌딩)",서울 송파
627,서울,송파,송파대로 409 (석촌동),서울 송파
628,서울,송파,송파대로 456 (송파동),서울 송파
629,서울,송파,백제고분로41길 5 (송파동),서울 송파
630,서울,송파,송이로 159 (가락동),서울 송파
631,서울,송파,"위례광장로 188 (장지동, 아이온스퀘어)",서울 송파
632,서울,송파,삼전로 95 (잠실동),서울 송파
633,서울,송파,"충민로2길 28 (장지동, 대진플라자2)",서울 송파
634,서울,송파,강동대로9길 17-1 (풍납동),서울 송파
635,서울,송파,"송파대로 111 (문정동, 파크하비오)",서울 송파
636,서울,송파,"가락로 165 (송파동, 위례캐슬빌)",서울 송파
637,서울,송파,가락로12길 4 (석촌동),서울 송파
638,서울,송파,백제고분로7길 58 (잠실동),서울 송파
639,서울,송파,"오금로 306 (가락동, 가락스타클래스)",서울 송파
640,서울,송파,위례성대로22길 18 (오금동),서울 송파
641,서울,송파,올림픽로 354 (방이동),서울 송파
642,서울,송파,양재대로 1222 (방이동),서울 송파
643,서울,송파,"위례광장로 136 (장지동, 위례아이파크)",서울 송파
644,서울,송파,"올림픽로35길 104 (신천동, 장미아파트)",서울 송파
645,서울,송파,백제고분로 172 (잠실동),서울 송파
646,서울,송파,"송파대로 567 (잠실동, 잠실주공아파트)",서울 송파
647,서울,송파,"올림픽로35가길 9 (신천동, 잠실 푸르지오 월드마크)",서울 송파
648,서울,송파,올림픽로 76 (잠실동),서울 송파
649,서울,강동,"천호대로 1107 (길동, 강동역에스케이허브)",서울 강동
650,서울,강동,"성내로6길 20 (성내동, 청일 베르네)",서울 강동
651,서울,강동,"천호대로 1065 (천호동, 강동상떼빌)",서울 강동
652,서울,강동,아리수로93길 19 (강일동),서울 강동
653,서울,강동,동남로82길 121 (고덕동),서울 강동
654,서울,강동,"아리수로50길 50 (고덕동, 래미안힐스테이트고덕)",서울 강동
655,서울,강동,동남로75길 19 (명일동),서울 강동
656,서울,강동,양재대로 1543 (천호동),서울 강동
657,서울,강동,천호대로 1132 (성내동),서울 강동
658,서울,강동,양재대로 1471 (길동),서울 강동
659,서울,강동,명일로 200 (길동),서울 강동
660,서울,강동,양재대로 1377 (성내동),서울 강동
661,서울,강동,양재대로 1626 (명일동),서울 강동
662,서울,강동,상암로 210 (명일동),서울 강동
663,서울,강동,"명일로 110 (둔촌동, 둔촌동암펠로스타워)",서울 강동
664,서울,강동,"상일로 74 (상일동, 고덕리엔파크3단지아파트)",서울 강동
665,서울,강동,올림픽로 782 (암사동),서울 강동
666,서울,강동,"암사길 50 (암사동, 제이빌더스)",서울 강동
667,서울,강동,성안로 7 (성내동),서울 강동
668,서울,강동,구천면로 238 (천호동),서울 강동
669,서울,강동,천호대로 1027 (천호동),서울 강동
670,서울,강동,천호대로 1006 (성내동),서울 강동
671,서울,강동,구천면로 304 (천호동),서울 강동
672,서울,강동,올림픽로 665 (천호동),서울 강동
673,부산,중구,구덕로22번길 8-1 (광복동1가),부산 중구
674,부산,중구,남포길 21 (남포동2가),부산 중구
675,부산,중구,광복로49번길 19 (신창동1가),부산 중구
676,부산,중구,해관로 14 (동광동1가),부산 중구
677,부산,중구,광복로 10-2 (부평동2가),부산 중구
678,부산,중구,자갈치로47번길 6-1 (남포동5가),부산 중구
679,부산,중구,충장대로9번길 20 (중앙동4가),부산 중구
680,부산,중구,해관로 66-1 (중앙동4가),부산 중구
681,부산,중구,대청로 63-1 (보수동1가),부산 중구
682,부산,서구,감천로 247 (암남동),부산 서구
683,부산,서구,구덕로 336-2 (동대신동3가),부산 서구
684,부산,서구,"구덕로 293 (서대신동2가, 희망센츄럴타운)",부산 서구
685,부산,서구,동대로 22 (동대신동3가),부산 서구
686,부산,서구,구덕로 214 (부민동1가),부산 서구
687,부산,서구,서대신동3가,부산 서구
688,부산,서구,암남공원로 179-13 (암남동),부산 서구
689,부산,서구,"송도해변로 171 (암남동, 송도케이블카)",부산 서구
690,부산,서구,"충무대로 277 (충무동1가, 충무 에코펠리스2차)",부산 서구
691,부산,동구,"조방로16번길 20 (범일동, 삼익범일아파트)",부산 동구
692,부산,동구,중앙대로180번길 6-1 (초량동),부산 동구
693,부산,동구,중앙대로 233 (초량동),부산 동구
694,부산,동구,중앙대로226번길 3-7 (초량동),부산 동구
695,부산,동구,중앙대로371번길 9 (수정동),부산 동구
696,부산,동구,"중앙대로274번길 7-3 (초량동, 부산역 유림 줄리엣)",부산 동구
697,부산,동구,초량로 37 (초량동),부산 동구
698,부산,동구,중앙대로332번길 4 (초량동),부산 동구
699,부산,영도,"태종로 104 (대교동2가, 일공구일공사)",부산 영도
700,부산,영도,중리로 46-8 (동삼동),부산 영도
701,부산,영도,태종로 64-1 (대교동1가),부산 영도
702,부산,부산진,가야대로 590-1 (가야동),부산 부산진
703,부산,부산진,"가야대로 506 (가야동, 가야홈플러스)",부산 부산진
704,부산,부산진,가야대로 479 (개금동),부산 부산진
705,부산,부산진,복지로 66 (개금동),부산 부산진
706,부산,부산진,"가야대로 450 (개금동, 금강펜테리움더스퀘어아파트)",부산 부산진
707,부산,부산진,"새싹로 30 (부전동, 경동파크타워)",부산 부산진
708,부산,부산진,동평로 96 (당감동),부산 부산진
709,부산,부산진,양지로 54 (양정동),부산 부산진
710,부산,부산진,엄광로 176 (가야동),부산 부산진
711,부산,부산진,엄광로 184 (가야동),부산 부산진
712,부산,부산진,범일로 184 (범천동),부산 부산진
713,부산,부산진,동천로 69 (부전동),부산 부산진
714,부산,부산진,서전로 17 (부전동),부산 부산진
715,부산,부산진,서면로68번길 14 (부전동),부산 부산진
716,부산,부산진,부전로66번길 22 (부전동),부산 부산진
717,부산,부산진,가야대로784번길 66 (부전동),부산 부산진
718,부산,부산진,서전로10번길 36 (부전동),부산 부산진
719,부산,부산진,서전로10번길 71 (부전동),부산 부산진
720,부산,부산진,중앙대로 679 (부전동),부산 부산진
721,부산,부산진,새싹로 83-1 (부암동),부산 부산진
722,부산,부산진,중앙대로 899 (양정동),부산 부산진
723,부산,부산진,연수로 18-1 (양정동),부산 부산진
724,부산,부산진,동평로 362 (양정동),부산 부산진
725,부산,부산진,새싹로 178 (연지동),부산 부산진
726,부산,부산진,"중앙대로 786 (전포동, 에메랄드홈)",부산 부산진
727,부산,부산진,동천로 4 (전포동),부산 부산진
728,부산,동래,금강공원로20번길 8 (온천동),부산 동래
729,부산,동래,안남로 32 (낙민동),부산 동래
730,부산,동래,"충렬대로 276 (낙민동, 청암빌딩)",부산 동래
731,부산,동래,여고북로 192 (사직동),부산 동래
732,부산,동래,중앙대로1333번길 20-15 (온천동),부산 동래
733,부산,동래,충렬대로350번길 16 (안락동),부산 동래
734,부산,동래,충렬대로181번길 36 (명륜동),부산 동래
735,부산,동래,온천장로 11 (온천동),부산 동래
736,부산,동래,충렬대로237번길 143 (명륜동),부산 동래
737,부산,동래,명장로 56 (명장동),부산 동래
738,부산,동래,시실로 208-1 (명장동),부산 동래
739,부산,동래,아시아드대로 223 (온천동),부산 동래
740,부산,동래,복천로 8 (복천동),부산 동래
741,부산,동래,아시아드대로 186 (사직동),부산 동래
742,부산,동래,사직로 48 (사직동),부산 동래
743,부산,동래,충렬대로202번길 15 (수안동),부산 동래
744,부산,동래,안락로 138-2 (안락동),부산 동래
745,부산,동래,충렬대로 353 (안락동),부산 동래
746,부산,동래,연안로 59 (안락동),부산 동래
747,부산,동래,충렬대로 413 (안락동),부산 동래
748,부산,동래,온천장로119번길 7 (온천동),부산 동래
749,부산,동래,온천천로 469 (안락동),부산 동래
750,부산,남구,진남로 118 (대연동),부산 남구
751,부산,남구,수영로 202 (대연동),부산 남구
752,부산,남구,"유엔평화로 31 (대연동, 플러스 빌)",부산 남구
753,부산,남구,황령대로319번가길 158-7 (대연동),부산 남구
754,부산,남구,신선로 428 (용당동),부산 남구
755,부산,남구,수영로 46 (문현동),부산 남구
756,부산,남구,문현로 68 (문현동),부산 남구
757,부산,남구,용소로 30 (대연동),부산 남구
758,부산,남구,수영로358번길 12 (대연동),부산 남구
759,부산,남구,"용호로 34 (용호동, 일신프리빌리지)",부산 남구
760,부산,남구,용호로 154 (용호동),부산 남구
761,부산,남구,용호로 229 (용호동),부산 남구
762,부산,남구,유엔로 202 (대연동),부산 남구
763,부산,북구,시랑로132번길 73 (구포동),부산 북구
764,부산,북구,"백양대로1016번길 28 (구포동, 삼정골드빌라)",부산 북구
765,부산,북구,백양대로 1065 (구포동),부산 북구
766,부산,북구,"구포만세길 115 (구포동, 효산벨루스)",부산 북구
767,부산,북구,효열로 214-1 (금곡동),부산 북구
768,부산,북구,만덕대로15번길 9 (덕천동),부산 북구
769,부산,북구,덕천2길 11 (덕천동),부산 북구
770,부산,북구,덕천로 241 (만덕동),부산 북구
771,부산,북구,학사로17번길 4 (화명동),부산 북구
772,부산,북구,"덕천로 299 (만덕동, 부산은행)",부산 북구
773,부산,북구,학사로 295 (금곡동),부산 북구
774,부산,북구,금곡대로285번길 22 (화명동),부산 북구
775,부산,북구,"금곡대로 166 (화명동, 화명 롯데캐슬 카이저)",부산 북구
776,부산,해운대,아랫반송로 25 (반송동),부산 해운대
777,부산,해운대,신반송로 179 (반송동),부산 해운대
778,부산,해운대,재반로 237-1 (반여동),부산 해운대
779,부산,해운대,선수촌로 74-11 (반여동),부산 해운대
780,부산,해운대,해운대로383번길 5 (우동),부산 해운대
781,부산,해운대,해운대로76번길 44 (재송동),부산 해운대
782,부산,해운대,센텀중앙로 60 (우동),부산 해운대
783,부산,해운대,송정해변로 10 (송정동),부산 해운대
784,부산,해운대,좌동순환로 79 (좌동),부산 해운대
785,부산,해운대,"세실로 48 (좌동, 해운대삼정코아주상복합)",부산 해운대
786,부산,해운대,재반로 176 (재송동),부산 해운대
787,부산,해운대,재반로63번길 4 (재송동),부산 해운대
788,부산,해운대,좌동순환로 307-1 (좌동),부산 해운대
789,부산,해운대,"대천로103번길 61 (좌동, 엘지아파트)",부산 해운대
790,부산,해운대,좌동로10번길 31 (중동),부산 해운대
791,부산,해운대,중동2로 5 (중동),부산 해운대
792,부산,해운대,해운대로 790 (좌동),부산 해운대
793,부산,해운대,우동1로 82 (우동),부산 해운대
794,부산,해운대,중동1로 23 (중동),부산 해운대
795,부산,해운대,해운대해변로 140 (우동),부산 해운대
796,부산,사하,감천로 46 (감천동),부산 사하
797,부산,사하,"낙동대로 246 (괴정동, 화원 레샹스)",부산 사하
798,부산,사하,다대로 544 (다대동),부산 사하
799,부산,사하,다대로429번길 23 (다대동),부산 사하
800,부산,사하,다대로 682 (다대동),부산 사하
801,부산,사하,낙동대로 412 (당리동),부산 사하
802,부산,사하,낙동대로 158 (괴정동),부산 사하
803,부산,사하,하신중앙로 182 (신평동),부산 사하
804,부산,사하,"다대로 207 (장림동, 세정아울렛)",부산 사하
805,부산,사하,장림번영로 39-1 (장림동),부산 사하
806,부산,사하,"하신번영로 320 (하단동, 옥돌골든아르빌)",부산 사하
807,부산,사하,동매로 23 (하단동),부산 사하
808,부산,사하,낙동대로 553-2 (하단동),부산 사하
809,부산,사하,하단동,부산 사하
810,부산,사하,낙동남로 1418 (하단동),부산 사하
811,부산,사하,장평로 107 (장림동),부산 사하
812,부산,금정,금강로403번길 1 (구서동),부산 금정
813,부산,금정,구서로 2 (구서동),부산 금정
814,부산,금정,금샘로 373 (구서동),부산 금정
815,부산,금정,부곡로141번길 1 (부곡동),부산 금정
816,부산,금정,식물원로44번길 40 (장전동),부산 금정
817,부산,금정,남산로 3 (남산동),부산 금정
818,부산,금정,"금강로 694 (남산동, 거성리젠시)",부산 금정
819,부산,금정,금강로321번길 45 (장전동),부산 금정
820,부산,금정,금정로68번길 10 (장전동),부산 금정
821,부산,금정,금강로 265 (장전동),부산 금정
822,부산,금정,중앙대로 1911 (구서동),부산 금정
823,부산,금정,부곡로 3 (부곡동),부산 금정
824,부산,금정,"중앙대로 2120 (청룡동, 협성엠파이어)",부산 금정
825,부산,금정,수림로20번길 27 (부곡동),부산 금정
826,부산,금정,중앙대로1719번길 23 (부곡동),부산 금정
827,부산,금정,청룡로 68 (청룡동),부산 금정
828,부산,강서,대저로 270 (대저1동),부산 강서
829,부산,강서,공항로811번길 38 (대저2동),부산 강서
830,부산,강서,범방3로46번길 5 (범방동),부산 강서
831,부산,강서,명지국제6로232번길 20 (명지동),부산 강서
832,부산,강서,명지오션시티8로16번길 25 (명지동),부산 강서
833,부산,강서,명지국제6로 306 (명지동),부산 강서
834,부산,강서,신호산단5로 42 (신호동),부산 강서
835,부산,강서,"과학산단2로20번길 11 (지사동, 명진파크뷰)",부산 강서
836,부산,강서,유통단지1로 53 (대저2동),부산 강서
837,부산,연제,세병로 80 (거제동),부산 연제
838,부산,연제,법원북로 45 (거제동),부산 연제
839,부산,연제,교대로 14 (거제동),부산 연제
840,부산,연제,월드컵대로 19 (연산동),부산 연제
841,부산,연제,"법원로32번길 9 (거제동, 고려빌딩)",부산 연제
842,부산,연제,중앙대로 1042 (연산동),부산 연제
843,부산,연제,시청로 34 (연산동),부산 연제
844,부산,연제,종합운동장로 28 (거제동),부산 연제
845,부산,연제,월드컵대로 166 (연산동),부산 연제
846,부산,연제,신금로 17-1 (연산동),부산 연제
847,부산,연제,"반송로 88 (연산동, 홈플러스 부산연산점)",부산 연제
848,부산,연제,중앙대로1075번길 8 (연산동),부산 연제
849,부산,연제,아시아드대로82번길 5 (거제동),부산 연제
850,부산,연제,과정로 148 (연산동),부산 연제
851,부산,연제,과정로225번길 5 (연산동),부산 연제
852,부산,연제,연수로 89 (연산동),부산 연제
853,부산,수영,광남로 16 (남천동),부산 수영
854,부산,수영,광남로 152 (광안동),부산 수영
855,부산,수영,남천바다로 38-1 (남천동),부산 수영
856,부산,수영,"수영로588번길 7 (광안동, 광안 협성엠파이어Ⅱ)",부산 수영
857,부산,수영,황령대로489번길 11 (남천동),부산 수영
858,부산,수영,연수로 335-1 (망미동),부산 수영
859,부산,수영,"광일로 49 (광안동, 비치그린아파트)",부산 수영
860,부산,수영,"광안해변로 446 (민락동, 민락동 센텀메르빌 아파트)",부산 수영
861,부산,수영,수영로 628 (광안동),부산 수영
862,부산,수영,수영로 706 (광안동),부산 수영
863,부산,수영,구락로10번길 23 (수영동),부산 수영
864,부산,사상,사상로 239 (괘법동),부산 사상
865,부산,사상,사상로 313 (덕포동),부산 사상
866,부산,사상,가야대로366번길 19 (주례동),부산 사상
867,부산,사상,백양대로 906 (모라동),부산 사상
868,부산,사상,광장로 83 (괘법동),부산 사상
869,부산,사상,"낙동대로 733 (엄궁동, 롯데마트엄궁점)",부산 사상
870,부산,사상,백양대로700번길 140 (괘법동),부산 사상
871,부산,사상,"낙동대로 784-13 (엄궁동, 휴그린아파트)",부산 사상
872,부산,사상,가야대로 278-1 (주례동),부산 사상
873,부산,사상,"백양대로 500 (주례동, 샹떼PC방)",부산 사상
874,부산,사상,학장로 189 (학장동),부산 사상
875,부산,사상,"대동로 138 (학장동, 청파아파트)",부산 사상
876,부산,사상,광장로 17 (괘법동),부산 사상
877,부산,사상,"광장로 7 (괘법동, 르네시떼)",부산 사상
878,부산,기장,"기장읍 기장해안로 147 (당사리, 롯데몰 동부산점)",부산 기장
879,부산,기장,장안읍 해맞이로 429 (길천리),부산 기장
880,부산,기장,기장읍 차성로288번길 50,부산 기장
881,부산,기장,기장읍 용궁길 68,부산 기장
882,부산,기장,정관읍 가동길 32 (용수리),부산 기장
883,부산,기장,정관읍 정관로 702 (달산리),부산 기장
884,부산,기장,정관읍 달산2길 30 (달산리),부산 기장
885,부산,기장,정관읍 정관로 383,부산 기장
886,부산,기장,정관읍 정관로 579,부산 기장
887,대구,중구,동덕로 194 (동인동1가),대구 중구
888,대구,중구,삼덕동2가,대구 중구
889,대구,중구,"달구벌대로 1943 (대신동, 대신e편한세상)",대구 중구
890,대구,중구,남일동,대구 중구
891,대구,중구,종로1가,대구 중구
892,대구,중구,국채보상로131길 15 (동인동2가),대구 중구
893,대구,중구,남성로,대구 중구
894,대구,중구,국채보상로 694 (동인동2가),대구 중구
895,대구,중구,동성로 53 (동성로2가),대구 중구
896,대구,동구,금강로 5 (신서동),대구 동구
897,대구,동구,반야월로 369 (신서동),대구 동구
898,대구,동구,신암로 96-3 (신암동),대구 동구
899,대구,동구,율하서로 42 (율하동),대구 동구
900,대구,동구,"경안로 855 (각산동, 라온프라자)",대구 동구
901,대구,동구,팔공로 250 (봉무동),대구 동구
902,대구,동구,"동대구로 550 (신암동, 동대구역)",대구 동구
903,대구,남구,중앙대로 221 (대명동),대구 남구
904,대구,남구,"현충로 107 (대명동, 앞산클래식명가)",대구 남구
905,대구,남구,이천로 20 (봉덕동),대구 남구
906,대구,남구,명덕시장길 52 (대명동),대구 남구
907,대구,북구,대학로17길 7 (산격동),대구 북구
908,대구,북구,대현로 61-1 (대현동),대구 북구
909,대구,북구,영송로 4 (태전동),대구 북구
910,대구,북구,침산로 38-1 (칠성동2가),대구 북구
911,대구,북구,칠곡중앙대로 403 (태전동),대구 북구
912,대구,북구,침산남로 150 (침산동),대구 북구
913,대구,북구,"유통단지로 60 (산격동, 섬유제품관)",대구 북구
914,대구,북구,침산로 93 (칠성동2가),대구 북구
915,대구,수성,"동원로 110 (만촌동, 메트로팔레스3단지)",대구 수성
916,대구,수성,청호로 423 (범어동),대구 수성
917,대구,수성,"달구벌대로496길 72 (범어동, 두레맨션)",대구 수성
918,대구,수성,국채보상로 856 (범어동),대구 수성
919,대구,수성,달구벌대로 3296 (신매동),대구 수성
920,대구,수성,명덕로 432 (수성동3가),대구 수성
921,대구,수성,달구벌대로650길 95 (욱수동),대구 수성
922,대구,수성,달구벌대로 3179 (매호동),대구 수성
923,대구,달서,"상인서로 85 (상인동, 상인동방현대아파트)",대구 달서
924,대구,달서,계대동문로 7 (신당동),대구 달서
925,대구,달서,선원로23길 5 (이곡동),대구 달서
926,대구,달서,이곡동,대구 달서
927,대구,달서,월배로 379 (송현동),대구 달서
928,대구,달서,조암로 16 (월성동),대구 달서
929,대구,달서,"진천로16길 39 (진천동, 진천맛타운)",대구 달서
930,대구,달서,조암남로 3 (상인동),대구 달서
931,대구,달서,상화로 165-1 (진천동),대구 달서
932,대구,달성,구지면 과학마을로4길 4 (응암리),대구 달성
933,대구,달성,다사읍 대실역남로 16 (죽곡리),대구 달성
934,대구,달성,다사읍 서재로7길 12 (서재리),대구 달성
935,대구,달성,옥포면 돌미로 73 (교항리),대구 달성
936,대구,달성,다사읍 대실역북로1길 15-3 (매곡리),대구 달성
937,대구,달성,유가면 테크노상업로 108 (봉리),대구 달성
938,대구,달성,유가면 현풍로 198,대구 달성
939,인천,중구,운서동,인천 중구
940,인천,중구,우현로 71-1 (인현동),인천 중구
941,인천,중구,인중로 134 (신생동),인천 중구
942,인천,중구,하늘달빛로 70 (중산동),인천 중구
943,인천,중구,"공항로424번길 66 (운서동, LG인천공항에클라트)",인천 중구
944,인천,중구,은하수로29번길 48 (중산동),인천 중구
945,인천,중구,제물량로 128 (답동),인천 중구
946,인천,중구,개항로 28-2 (신포동),인천 중구
947,인천,중구,"미단소망로 60 (운북동, 미단해송)",인천 중구
948,인천,중구,운중로 45 (운남동),인천 중구
949,인천,중구,운남안길 16 (운남동),인천 중구
950,인천,중구,운서3로 1 (운서동),인천 중구
951,인천,중구,월미로234번길 12 (북성동1가),인천 중구
952,인천,중구,을왕로 10 (을왕동),인천 중구
953,인천,중구,차이나타운로44번길 25 (북성동2가),인천 중구
954,인천,중구,인항로 27 (신흥동3가),인천 중구
955,인천,동구,수문통로 54 (송현동),인천 동구
956,인천,동구,송림로 141 (송림동),인천 동구
957,인천,미추,"경인로 314 (도화동, 스타뷰)",인천 미추
958,인천,연수,인천타워대로 323 (송도동),인천 연수
959,인천,연수,"송도문화로28번길 28 (송도동, 송도글로벌캠퍼스푸르지오)",인천 연수
960,인천,연수,"첨단대로 80 (송도동, 레지던스 라이크홈)",인천 연수
961,인천,연수,"테크노파크로111번길 8 (송도동, 송도 S 타워)",인천 연수
962,인천,연수,"송도국제대로 157 (송도동, 오네스타)",인천 연수
963,인천,연수,"송도과학로27번길 55 (송도동, 롯데캐슬 캠퍼스타운)",인천 연수
964,인천,연수,아트센터대로 107 (송도동),인천 연수
965,인천,연수,신송로125번길 13 (송도동),인천 연수
966,인천,연수,샘말로7번길 2 (연수동),인천 연수
967,인천,연수,"청능대로 210 (동춘동, 스퀘어원)",인천 연수
968,인천,연수,앵고개로 242 (동춘동),인천 연수
969,인천,연수,봉재산로44번길 2 (동춘동),인천 연수
970,인천,연수,학나래로118번길 45 (선학동),인천 연수
971,인천,연수,비류대로 202 (옥련동),인천 연수
972,인천,연수,갯벌로 12 (송도동),인천 연수
973,인천,연수,먼우금로 197 (청학동),인천 연수
974,인천,연수,"먼우금로 299 (연수동, 태경아파트)",인천 연수
975,인천,연수,독배로40번길 35 (옥련동),인천 연수
976,인천,연수,비류대로433번길 26 (연수동),인천 연수
977,인천,남동,경원대로 971 (간석동),인천 남동
978,인천,남동,구월남로 163 (구월동),인천 남동
979,인천,남동,인하로 497-28 (구월동),인천 남동
980,인천,남동,구월남로268번길 1 (구월동),인천 남동
981,인천,남동,인하로 608 (구월동),인천 남동
982,인천,남동,선수촌공원로 37 (구월동),인천 남동
983,인천,남동,"구월로 212 (구월동, 힐캐슬프라자)",인천 남동
984,인천,남동,남동대로 217 (고잔동),인천 남동
985,인천,남동,소래역로 28 (논현동),인천 남동
986,인천,남동,"예술로 206 (구월동, 구월중앙프라자)",인천 남동
987,인천,남동,석산로 157 (간석동),인천 남동
988,인천,남동,백범로 406 (간석동),인천 남동
989,인천,남동,용천로 156 (간석동),인천 남동
990,인천,남동,문화로 85 (구월동),인천 남동
991,인천,남동,인주대로 665 (구월동),인천 남동
992,인천,남동,인주대로 888 (만수동),인천 남동
993,인천,남동,남촌동로3번길 36 (남촌동),인천 남동
994,인천,남동,논고개로 81 (논현동),인천 남동
995,인천,남동,포구로 77 (논현동),인천 남동
996,인천,남동,에코중앙로156번길 5-7 (논현동),인천 남동
997,인천,남동,논고개로123번길 22 (논현동),인천 남동
998,인천,남동,논고개로 311-1 (도림동),인천 남동
999,인천,남동,장승남로 65 (만수동),인천 남동
1000,인천,남동,구월로 350 (만수동),인천 남동
1001,인천,남동,만수로50번길 25 (만수동),인천 남동
1002,인천,남동,호구포로 915 (간석동),인천 남동
1003,인천,남동,구월로276번길 45 (구월동),인천 남동
1004,인천,남동,서창남로 71 (서창동),인천 남동
1005,인천,남동,장아산로 137 (서창동),인천 남동
1006,인천,남동,구월로 123 (간석동),인천 남동
1007,인천,남동,인주대로 582 (구월동),인천 남동
1008,인천,남동,호구포로 219 (논현동),인천 남동
1009,인천,부평,부평대로 301 (청천동),인천 부평
1010,인천,부평,주부토로 182 (갈산동),인천 부평
1011,인천,부평,길주로 507 (청천동),인천 부평
1012,인천,부평,길주로 547 (갈산동),인천 부평
1013,인천,부평,부일로9번길 5 (부평동),인천 부평
1014,인천,부평,동수북로 170 (부평동),인천 부평
1015,인천,부평,동수로 129 (부개동),인천 부평
1016,인천,부평,"열우물로25번길 14-3 (십정동, 동암 비버리씨티)",인천 부평
1017,인천,부평,경원대로 1404 (부평동),인천 부평
1018,인천,부평,시장로 18 (부평동),인천 부평
1019,인천,부평,부평문화로 57 (부평동),인천 부평
1020,인천,부평,부평북로 442 (삼산동),인천 부평
1021,인천,부평,부흥로293번길 8 (부평동),인천 부평
1022,인천,부평,길주남로 108-1 (부개동),인천 부평
1023,인천,부평,"마장로272번길 57 (산곡동, 한성빌딩)",인천 부평
1024,인천,부평,마장로 320 (산곡동),인천 부평
1025,인천,부평,평천로 388 (삼산동),인천 부평
1026,인천,부평,길주로 641 (삼산동),인천 부평
1027,인천,부평,"후정동로 21 (삼산동, 화령빌딩)",인천 부평
1028,인천,부평,부평대로 71-1 (부평동),인천 부평
1029,인천,부평,마장로 473 (청천동),인천 부평
1030,인천,부평,경원대로 1373 (부평동),인천 부평
1031,인천,부평,일신로14번길 3 (일신동),인천 부평
1032,인천,부평,시장로 23 (부평동),인천 부평
1033,인천,부평,경원대로 1262-1 (부평동),인천 부평
1034,인천,부평,부영로189번길 51 (산곡동),인천 부평
1035,인천,부평,평천로 315 (갈산동),인천 부평
1036,인천,부평,안남로 271 (산곡동),인천 부평
1037,인천,부평,이규보로 141 (십정동),인천 부평
1038,인천,부평,"수변로10번길 48 (부개동, 한울팰리스)",인천 부평
1039,인천,부평,"길주남로 158 (부개동, 부개프라자)",인천 부평
1040,인천,부평,장제로 153 (부평동),인천 부평
1041,인천,부평,육동로 5 (부평동),인천 부평
1042,인천,부평,세월천로 34 (청천동),인천 부평
1043,인천,계양,계양대로 170 (계산동),인천 계양
1044,인천,계양,향교로 1 (계산동),인천 계양
1045,인천,계양,경명대로1045번길 21-1 (계산동),인천 계양
1046,인천,계양,경명대로 1088 (계산동),인천 계양
1047,인천,계양,계산새로 85 (용종동),인천 계양
1048,인천,계양,오조산로57번길 15 (계산동),인천 계양
1049,인천,계양,"장제로 822 (계산동, 롯데마트 계양점)",인천 계양
1050,인천,계양,봉오대로 785 (작전동),인천 계양
1051,인천,계양,용종로 2 (계산동),인천 계양
1052,인천,계양,경명대로 1147 (임학동),인천 계양
1053,인천,계양,계산로 149 (계산동),인천 계양
1054,인천,계양,양지로 30 (동양동),인천 계양
1055,인천,계양,장제로 1013 (박촌동),인천 계양
1056,인천,계양,장제로 891 (임학동),인천 계양
1057,인천,계양,효서로 230 (작전동),인천 계양
1058,인천,계양,"봉오대로 671 (작전동, 우남푸르미아)",인천 계양
1059,인천,계양,효서로 341 (작전동),인천 계양
1060,인천,계양,장기로 34 (장기동),인천 계양
1061,인천,계양,주부토로 372 (작전동),인천 계양
1062,인천,계양,안남로 548 (효성동),인천 계양
1063,인천,서구,서달로 159 (석남동),인천 서구
1064,인천,서구,봉오재3로 100 (가정동),인천 서구
1065,인천,서구,"청중로 486 (가정동, 부일프라자)",인천 서구
1066,인천,서구,가정로 127-1 (가좌동),인천 서구
1067,인천,서구,장고개로243번길 25 (가좌동),인천 서구
1068,인천,서구,원적로 105 (가좌동),인천 서구
1069,인천,서구,"장고개로337번길 18-3 (가좌동, 영프라자)",인천 서구
1070,인천,서구,"거북로 89 (석남동, 기업은행)",인천 서구
1071,인천,서구,"검단로 473 (왕길동, 검단사거리역(인천2호선))",인천 서구
1072,인천,서구,승학로 574 (검암동),인천 서구
1073,인천,서구,승학로 498 (검암동),인천 서구
1074,인천,서구,도요지로 24 (경서동),인천 서구
1075,인천,서구,"심곡로100번길 31 (심곡동, 마리스텔라)",인천 서구
1076,인천,서구,"청마로167번길 8 (당하동, 강남빌딩)",인천 서구
1077,인천,서구,새오개로111번안길 31 (신현동),인천 서구
1078,인천,서구,"완정로45번안길 9 (마전동, 남두아이빌)",인천 서구
1079,인천,서구,"북항로32번안길 50 (원창동, 모다아울렛 인천점)",인천 서구
1080,인천,서구,검단로 783-1 (불로동),인천 서구
1081,인천,서구,보듬6로 10 (오류동),인천 서구
1082,인천,서구,서곶로 317 (심곡동),인천 서구
1083,인천,서구,가정로 237-1 (석남동),인천 서구
1084,인천,서구,가정로 360-2 (가정동),인천 서구
1085,인천,서구,봉수대로 158 (가좌동),인천 서구
1086,인천,서구,"오동로 32 (왕길동, 검단자이2단지)",인천 서구
1087,인천,서구,"원당대로 876 (당하동, 희림타워)",인천 서구
1088,인천,서구,비지니스로182번길 4-18 (청라동),인천 서구
1089,인천,서구,중봉대로612번길 10-12 (연희동),인천 서구
1090,인천,서구,"청라루비로 76 (경서동, 청라스퀘어세븐)",인천 서구
1091,인천,서구,"중봉대로586번길 22 (연희동, 청라 풍림 엑슬루타워)",인천 서구
1092,인천,서구,청라커낼로 321 (경서동),인천 서구
1093,인천,서구,청라에메랄드로 42 (연희동),인천 서구
1094,인천,서구,청라에메랄드로102번길 8 (연희동),인천 서구
1095,인천,서구,옥빛로 4 (경서동),인천 서구
1096,인천,서구,청라커낼로 229-18 (경서동),인천 서구
1097,인천,강화,강화읍 강화대로 392,인천 강화
1098,인천,옹진,영흥면 영흥로 252,인천 옹진
1099,광주,동구,증심사길30번길 5 (운림동),광주 동구
1100,광주,동구,충장로 107 (충장로1가),광주 동구
1101,광주,동구,중앙로 180 (충장로3가),광주 동구
1102,광주,동구,남문로 760 (학동),광주 동구
1103,광주,서구,운천로 129 (쌍촌동),광주 서구
1104,광주,서구,화개1로79번길 3 (금호동),광주 서구
1105,광주,서구,하남대로 656 (동천동),광주 서구
1106,광주,서구,화개중앙로87번길 6 (매월동),광주 서구
1107,광주,서구,시청로 40 (치평동),광주 서구
1108,광주,서구,운천로 263 (치평동),광주 서구
1109,광주,서구,상무대로955번길 30-15 (쌍촌동),광주 서구
1110,광주,서구,"상일로 55 (쌍촌동, 호반리젠시빌)",광주 서구
1111,광주,서구,칠성로 49 (쌍촌동),광주 서구
1112,광주,서구,무진대로 904 (광천동),광주 서구
1113,광주,서구,풍암2로 20 (풍암동),광주 서구
1114,광주,서구,화운로83번길 25 (화정동),광주 서구
1115,광주,서구,상무대로1066번길 1 (화정동),광주 서구
1116,광주,서구,군분로139번길 17 (화정동),광주 서구
1117,광주,남구,봉선로 184 (봉선동),광주 남구
1118,광주,남구,봉선로 42 (주월동),광주 남구
1119,광주,남구,"봉선중앙로131번길 12 (주월동, 가원빌리지)",광주 남구
1120,광주,남구,광복마을길 97-1 (주월동),광주 남구
1121,광주,남구,효우2로26번길 7 (행암동),광주 남구
1122,광주,북구,군왕로 51 (두암동),광주 북구
1123,광주,북구,설죽로315번길 37 (매곡동),광주 북구
1124,광주,북구,하서로 499 (본촌동),광주 북구
1125,광주,북구,"서암대로 315 (우산동, 지오빌딩)",광주 북구
1126,광주,북구,양산택지로 58 (양산동),광주 북구
1127,광주,북구,북문대로 167 (운암동),광주 북구
1128,광주,북구,설죽로 518-4 (일곡동),광주 북구
1129,광주,북구,첨단연신로133번길 4 (신용동),광주 북구
1130,광주,북구,설죽로202번길 71 (용봉동),광주 북구
1131,광주,북구,용봉로 80 (신안동),광주 북구
1132,광주,북구,서방로9번길 26 (중흥동),광주 북구
1133,광주,광산,무진대로 282 (우산동),광주 광산
1134,광주,광산,"장신로 326 (신창동, 대라수아파트)",광주 광산
1135,광주,광산,소촌로 92 (소촌동),광주 광산
1136,광주,광산,상무대로 275 (소촌동),광주 광산
1137,광주,광산,상무대로 201 (송정동),광주 광산
1138,광주,광산,장신로 98 (장덕동),광주 광산
1139,광주,광산,수등로94번길 8-5 (신가동),광주 광산
1140,광주,광산,임방울대로332번길 29 (수완동),광주 광산
1141,광주,광산,장신로 81 (장덕동),광주 광산
1142,광주,광산,장덕로 48 (장덕동),광주 광산
1143,광주,광산,수완로 16 (수완동),광주 광산
1144,광주,광산,수등로 243 (신가동),광주 광산
1145,광주,광산,사암로106번길 119 (우산동),광주 광산
1146,광주,광산,월계로 223-13 (쌍암동),광주 광산
1147,광주,광산,첨단중앙로170번길 20 (쌍암동),광주 광산
1148,광주,광산,하남울로12번하길 10 (하남동),광주 광산
1149,광주,광산,"용아로400번길 30 (하남동, TERRACE56 PICNICMALL)",광주 광산
1150,광주,광산,풍영로101번안길 16 (흑석동),광주 광산
1151,대전,동구,동서대로 1689 (용전동),대전 동구
1152,대전,중구,중앙로 28 (문화동),대전 중구
1153,대전,중구,중앙로164번길 17 (은행동),대전 중구
1154,대전,중구,목중로26번길 26 (중촌동),대전 중구
1155,대전,서구,문정로 41 (탄방동),대전 서구
1156,대전,서구,"도안동로11번길 28 (가수원동, 럭키프라자3)",대전 서구
1157,대전,서구,"관저동로 162 (관저동, 건양프라자)",대전 서구
1158,대전,서구,도안대로 25 (관저동),대전 서구
1159,대전,서구,원도안로207번길 8-4 (도안동),대전 서구
1160,대전,서구,둔산로31번길 77 (둔산동),대전 서구
1161,대전,서구,대덕대로185번길 30 (둔산동),대전 서구
1162,대전,서구,"문예로 107 (둔산동, 홈플러스대전둔산점)",대전 서구
1163,대전,서구,"둔산중로32번길 47 (둔산동, 제이엠빌딩)",대전 서구
1164,대전,서구,월평북로 79 (월평동),대전 서구
1165,대전,서구,둔산로51번길 80 (둔산동),대전 서구
1166,대전,서구,"문정로40번길 64 (탄방동, 메이저타운)",대전 서구
1167,대전,서구,둔산북로 41 (둔산동),대전 서구
1168,대전,유성,관들4길 34-2 (관평동),대전 유성
1169,대전,유성,지족동로 152 (지족동),대전 유성
1170,대전,유성,수통골로 91 (덕명동),대전 유성
1171,대전,유성,신성로 97 (신성동),대전 유성
1172,대전,유성,어은로48번길 16 (어은동),대전 유성
1173,대전,유성,"대덕대로 594 (도룡동, 타워코리아나 주상복합)",대전 유성
1174,대전,유성,"계룡로 92 (봉명동, 유성CJ나인파크)",대전 유성
1175,대전,유성,전민로58번길 55 (전민동),대전 유성
1176,대전,유성,한밭대로 502 (봉명동),대전 유성
1177,대전,유성,궁동로18번길 14 (궁동),대전 유성
1178,대전,유성,한밭대로 404 (궁동),대전 유성
1179,대전,대덕,대덕대로1458번길 46 (목상동),대전 대덕
1180,대전,대덕,한남로 34 (오정동),대전 대덕
1181,울산,중구,남외3길 8 (남외동),울산 중구
1182,울산,중구,다운로 122 (다운동),울산 중구
1183,울산,중구,내황14길 50 (반구동),울산 중구
1184,울산,중구,"반구정15길 8 (반구동, 울산신동아파밀리에)",울산 중구
1185,울산,중구,곽남길 5 (약사동),울산 중구
1186,울산,중구,번영로 395 (복산동),울산 중구
1187,울산,중구,중앙시장1길 2 (옥교동),울산 중구
1188,울산,중구,성안로 181 (성안동),울산 중구
1189,울산,중구,우정3길 20 (우정동),울산 중구
1190,울산,중구,종가5길 78-2 (유곡동),울산 중구
1191,울산,중구,종가로 405 (성안동),울산 중구
1192,울산,중구,신기길 97 (태화동),울산 중구
1193,울산,중구,평동길 11 (유곡동),울산 중구
1194,울산,중구,내오산로 75 (태화동),울산 중구
1195,울산,중구,"번영로 475 (복산동, 홈플러스울산점)",울산 중구
1196,울산,남구,왕생로 97 (달동),울산 남구
1197,울산,남구,"수암로 148 (야음동, 삼성테스코홈플러스 울산남구점)",울산 남구
1198,울산,남구,중앙로 149 (신정동),울산 남구
1199,울산,남구,달삼로 7 (달동),울산 남구
1200,울산,남구,대학로 84-1 (무거동),울산 남구
1201,울산,남구,신복로 36 (무거동),울산 남구
1202,울산,남구,문수로 390 (옥동),울산 남구
1203,울산,남구,문수로423번길 14 (신정동),울산 남구
1204,울산,남구,화합로 150 (삼산동),울산 남구
1205,울산,남구,번영로 173 (달동),울산 남구
1206,울산,남구,월평로171번길 19 (신정동),울산 남구
1207,울산,남구,삼산중로48번길 5 (삼산동),울산 남구
1208,울산,남구,삼산로331번길 13 (삼산동),울산 남구
1209,울산,남구,정동로 136 (삼산동),울산 남구
1210,울산,남구,돋질로 297 (삼산동),울산 남구
1211,울산,남구,돋질로302번길 27 (삼산동),울산 남구
1212,울산,남구,돋질로257번길 23 (삼산동),울산 남구
1213,울산,남구,북부순환도로13번길 4 (무거동),울산 남구
1214,울산,남구,"두왕로190번길 31 (선암동, 선암동 아크리티)",울산 남구
1215,울산,남구,수암로 114 (신정동),울산 남구
1216,울산,남구,중앙로 244 (신정동),울산 남구
1217,울산,남구,신선로74번길 5 (야음동),울산 남구
1218,울산,남구,신선로 167-1 (야음동),울산 남구
1219,울산,남구,도산로 111 (달동),울산 남구
1220,울산,남구,문수로 327 (옥동),울산 남구
1221,울산,남구,남중로 48 (삼산동),울산 남구
1222,울산,남구,"대공원로 241 (신정동, 대공원코오롱파크폴리스)",울산 남구
1223,울산,동구,옥류로 37 (서부동),울산 동구
1224,울산,동구,등대로 99 (일산동),울산 동구
1225,울산,동구,방어진순환도로 985 (서부동),울산 동구
1226,울산,동구,해수욕장7길 10 (일산동),울산 동구
1227,울산,동구,진성14길 77 (전하동),울산 동구
1228,울산,동구,"바드래1길 45 (전하동, 현대중공업임원숙소)",울산 동구
1229,울산,동구,대학길 75 (화정동),울산 동구
1230,울산,동구,화진8길 48 (화정동),울산 동구
1231,울산,북구,관문길 40 (천곡동),울산 북구
1232,울산,북구,가재길 14 (천곡동),울산 북구
1233,울산,북구,호계매곡1로 (매곡동),울산 북구
1234,울산,북구,괴정1길 134 (매곡동),울산 북구
1235,울산,북구,명촌로 79 (명촌동),울산 북구
1236,울산,북구,진장유통로 78-6 (진장동),울산 북구
1237,울산,북구,산업로 1003 (연암동),울산 북구
1238,울산,북구,화암1길 56 (산하동),울산 북구
1239,울산,북구,화산중앙로 94-5 (화봉동),울산 북구
1240,울산,북구,송정16길 16 (송정동),울산 북구
1241,울산,북구,신천로 55-14 (신천동),울산 북구
1242,울산,북구,염포로 571 (양정동),울산 북구
1243,울산,북구,상방6길 3 (연암동),울산 북구
1244,울산,북구,동해안로 1623 (산하동),울산 북구
1245,울산,북구,중산2길 2 (중산동),울산 북구
1246,울산,북구,"진장유통로 51-10 (진장동, CGV)",울산 북구
1247,울산,북구,"진장로 30 (진장동, 부광광택코팅)",울산 북구
1248,울산,북구,동대11길 2 (호계동),울산 북구
1249,울산,울주,언양읍 읍성로 115,울산 울주
1250,울산,울주,범서읍 점촌3길 5,울산 울주
1251,울산,울주,범서읍 굴화1길 64-10 (굴화리),울산 울주
1252,울산,울주,청량면 율리영해1길 40-6,울산 울주
1253,울산,울주,삼남면 수정가천길 1 (교동리),울산 울주
1254,울산,울주,삼남면 교동로 133-1 (교동리),울산 울주
1255,울산,울주,온산읍 신경5길 37,울산 울주
1256,울산,울주,온양읍 보곡1길 30-10 (대안리),울산 울주
1257,울산,울주,"서생면 진하길 38 (진하리, 진하위드빌)",울산 울주
1258,울산,울주,범서읍 천상길 17 (천상리),울산 울주
1259,울산,울주,청량면 상남길 66-4 (상남리),울산 울주
1260,세종특별자치시,세종,48 (어진동),세종
1261,세종특별자치시,세종,"12 (나성동, 메가타워2)",세종
1262,세종특별자치시,세종,"35 (대평동, 시드니힐)",세종
1263,세종특별자치시,세종,"108 (종촌동, 몰리브(Mallive))",세종
1264,세종특별자치시,세종,부강신대길 39-10 (부강리),세종
1265,세종특별자치시,세종,"33 (새롬동, 새뜸프라자)",세종
1266,세종특별자치시,세종,"12 (소담동, 지엘플렉스1)",세종
1267,세종특별자치시,세종,100 (아름동),세종
1268,세종특별자치시,세종,11-11 (어진동),세종
1269,세종특별자치시,세종,"16 (한솔동, 첫마을3단지)",세종
1270,세종특별자치시,세종,"45 (보람동, 금남프라자)",세종
1271,세종특별자치시,세종,"194 (나성동, 세종의아침)",세종
1272,세종특별자치시,세종,세종로 2282 (죽림리),세종
1273,세종특별자치시,세종,행복11길 6,세종
1274,경기,부천,지봉로 48 (역곡동),부천
1275,경기,부천,원미구 도당동,부천
1276,경기,부천,오정구 고강동,부천
1277,경기,부천,범안로 55 (괴안동),부천
1278,경기,부천,성주로 274-1 (심곡본동),부천
1279,경기,부천,"송내대로 239 (상동, 부천터미널소풍)",부천
1280,경기,부천,"옥산로 7 (중동, 리첸시아)",부천
1281,경기,부천,"소사로 814 (원종동, 해주아파트)",부천
1282,경기,부천,양지로67번길 26 (범박동),부천
1283,경기,부천,원미구 상동,부천
1284,경기,부천,부흥로 187 (중동),부천
1285,경기,부천,부일로 455 (심곡동),부천
1286,경기,부천,원미구 상동,부천
1287,경기,부천,상동로117번길 61 (상동),부천
1288,경기,부천,원미구 상동,부천
1289,경기,부천,원미구 상동,부천
1290,경기,부천,원미구 상동,부천
1291,경기,부천,오정구 여월동,부천
1292,경기,부천,오정구 원종동,부천
1293,경기,부천,부흥로 472 (소사동),부천
1294,경기,부천,경인로 189 (심곡본동),부천
1295,경기,부천,소사동로 78 (소사본동),부천
1296,경기,부천,소사로 214 (소사본동),부천
1297,경기,부천,소사로 141 (소사본동),부천
1298,경기,부천,상일로94번길 35 (상동),부천
1299,경기,부천,원미구 중동,부천
1300,경기,부천,부천로 80 (심곡동),부천
1301,경기,부천,수도로 86 (도당동),부천
1302,경기,부천,오정구 여월동,부천
1303,경기,부천,오정구 오정동,부천
1304,경기,부천,양지로184번길 8-8 (옥길동),부천
1305,경기,부천,범안로 221 (옥길동),부천
1306,경기,부천,부천로 140 (원미동),부천
1307,경기,부천,원미로124번길 6-16 (원미동),부천
1308,경기,부천,원종로 37 (원종동),부천
1309,경기,부천,원미구 중동,부천
1310,경기,부천,원미구 중동,부천
1311,경기,부천,중동로 48 (송내동),부천
1312,경기,부천,원미구 중동,부천
1313,경기,부천,원미구 중동,부천
1314,경기,부천,장말로 217 (중동),부천
1315,경기,부천,원미구 중동,부천
1316,경기,부천,호현로489번길 39 (소사본동),부천
1317,경기,부천,송내대로 31 (송내동),부천
1318,경기,부천,상일로122번길 46 (상동),부천
1319,경기,부천,원미구 중동,부천
1320,경기,부천,"경인로 505 (괴안동, 역곡하이뷰)",부천
1321,경기,부천,부일로 743 (역곡동),부천
1322,경기,안산,단원구 적금로 123 (고잔동),안산
1323,경기,안산,단원구 원포공원1로 46 (초지동),안산
1324,경기,안산,단원구 다리간로 18 (고잔동),안산
1325,경기,안산,"단원구 고잔로 54 (고잔동, 에이스타워)",안산
1326,경기,안산,단원구 예술대학로 83 (고잔동),안산
1327,경기,안산,"단원구 원포공원1로 19 (초지동, 원포빌딩) 1층",안산
1328,경기,안산,단원구 동산로 76 (원시동),안산
1329,경기,안산,상록구 본오로 55 (본오동),안산
1330,경기,안산,상록구 샘골로 154 (본오동),안산
1331,경기,안산,상록구 각골로 63 (본오동),안산
1332,경기,안산,상록구 부곡로 115 (부곡동),안산
1333,경기,안산,상록구 감골2로 13 (사동),안산
1334,경기,안산,상록구 항가울로 19 (사동),안산
1335,경기,안산,단원구 예술대학로 161 (고잔동),안산
1336,경기,안산,"단원구 선부광장북로 36 (선부동, 벽산블루밍아파트)",안산
1337,경기,안산,단원구 선부로 110-1 (선부동),안산
1338,경기,안산,단원구 선부로 191 (선부동),안산
1339,경기,안산,상록구 예술광장1로 124 (성포동),안산
1340,경기,안산,단원구 첨단로 644 (초지동),안산
1341,경기,안산,상록구 도매시장로 91 (일동),안산
1342,경기,안산,단원구 신길로 9-4 (신길동),안산
1343,경기,안산,단원구 와동로 44 (와동),안산
1344,경기,안산,"단원구 라성안길 17 (원곡동, 베스트플라자)",안산
1345,경기,안산,상록구 광덕산2로 17 (월피동),안산
1346,경기,안산,상록구 안산대학로 97 (일동),안산
1347,경기,안산,단원구 화랑로 358 (고잔동),안산
1348,경기,안산,단원구 광덕4로 234 (고잔동),안산
1349,경기,안산,단원구 중앙대로 907 (고잔동),안산
1350,경기,안산,단원구 광덕1로 55 (초지동),안산
1351,경기,안산,상록구 중보로 49 (이동),안산
1352,경기,안산,상록구 한양대학로 40 (사동),안산
1353,경기,안산,단원구 선부광장로 95 (선부동),안산
1354,경기,안산,"단원구 광덕대로 130 (고잔동, 폴리타운)",안산
1355,경기,안산,상록구 충장로 432 (성포동),안산
1356,경기,안양,동안구 시민대로 167 (비산동),안양
1357,경기,안양,동안구 시민대로 137 (호계동),안양
1358,경기,안양,동안구 평촌대로217번길 45 (호계동),안양
1359,경기,안양,동안구 시민대로 202 (호계동),안양
1360,경기,안양,만안구 냉천로 2 (안양동),안양
1361,경기,안양,만안구 안양동,안양
1362,경기,안양,만안구 전파로 23 (안양동),안양
1363,경기,안양,"동안구 엘에스로116번길 25-32 (호계동, 안양 SK V1 center)",안양
1364,경기,안양,동안구 관평로 324 (관양동),안양
1365,경기,안양,만안구 안양동,안양
1366,경기,안양,"만안구 태평로60번길 42 (안양동, 센트럴타워2)",안양
1367,경기,안양,만안구 덕천로48번길 48 (안양동),안양
1368,경기,안양,동안구 동편로 140 (관양동),안양
1369,경기,안양,만안구 박달동,안양
1370,경기,안양,동안구 흥안대로 415 (평촌동),안양
1371,경기,안양,동안구 관악대로 173 (비산동),안양
1372,경기,안양,"만안구 연현로 101 (석수동, 연현씨티빌)",안양
1373,경기,안양,만안구 안양동,안양
1374,경기,안양,만안구 안양동,안양
1375,경기,안양,만안구 안양동,안양
1376,경기,안양,만안구 석수동,안양
1377,경기,안양,동안구 엘에스로 34 (호계동),안양
1378,경기,안양,동안구 흥안대로456번길 42 (평촌동),안양
1379,경기,안양,동안구 흥안대로 517 (관양동),안양
1380,경기,안양,"동안구 동안로 194 (비산동, 한양스포츠센타)",안양
1381,경기,안양,"동안구 시민대로327번길 6 (관양동, W에이스타워)",안양
1382,경기,안양,동안구 관평로182번길 54 (관양동),안양
1383,경기,안양,동안구 평촌대로 133 (호계동),안양
1384,경기,남양주,진접읍 경복대로 426,남양주
1385,경기,남양주,가운로1길 25 (가운동),남양주
1386,경기,남양주,진접읍 해밀예당1로 50-88,남양주
1387,경기,남양주,다산지금로16번길 86 (다산동),남양주
1388,경기,남양주,다산중앙로123번길 22-16 (다산동),남양주
1389,경기,남양주,미금로 50 (도농동),남양주
1390,경기,남양주,화도읍 비룡로 58,남양주
1391,경기,남양주,화도읍 먹갓로 31,남양주
1392,경기,남양주,진건읍 진건오남로 90,남양주
1393,경기,남양주,금곡로 50 (금곡동),남양주
1394,경기,남양주,오남읍 진건오남로 778,남양주
1395,경기,남양주,오남읍 진건오남로 522 (오남리),남양주
1396,경기,남양주,진접읍 경복대로 233 (금곡리),남양주
1397,경기,남양주,별내면 청학로중앙길 15,남양주
1398,경기,남양주,"경춘로1256번길 34 (평내동, 디마트)",남양주
1399,경기,남양주,늘을2로 26 (호평동),남양주
1400,경기,남양주,천마산로 27 (호평동),남양주
1401,경기,남양주,화도읍 경춘로 1890 (녹촌리),남양주
1402,경기,남양주,다산중앙로82번안길 122 (다산동),남양주
1403,경기,남양주,"다산중앙로172번길 38 (다산동, 다산진건지구 근생1-1-2)",남양주
1404,경기,남양주,다산순환로 397-54 (다산동),남양주
1405,경기,남양주,와부읍 덕소로 87-1,남양주
1406,경기,남양주,경춘로 433 (도농동),남양주
1407,경기,남양주,와부읍 덕소로 214,남양주
1408,경기,남양주,화도읍 마석중앙로 101 (마석우리),남양주
1409,경기,남양주,두물로 19 (별내동),남양주
1410,경기,남양주,"별내중앙로 36-31 (별내동, 별내 백상앨리츠오피스텔 2차 )",남양주
1411,경기,남양주,덕송2로10번길 27-12 (별내동),남양주
1412,경기,남양주,별내5로5번길 8-14 (별내동),남양주
1413,경기,남양주,순화궁로 167 (별내동),남양주
1414,경기,남양주,별내3로 76 (별내동),남양주
1415,경기,남양주,"화도읍 북한강로 1132-13 (금남리, 황토방)",남양주
1416,경기,남양주,화도읍 북한강로 1132-19 (리버팰리스),남양주
1417,경기,남양주,진접읍 부평로 32 (진접센트레빌시티1단지),남양주
1418,경기,남양주,진접읍 금강로유연들1길 154,남양주
1419,경기,남양주,진접읍 장현로 77,남양주
1420,경기,남양주,진접읍 금강로 1529 (장현리),남양주
1421,경기,남양주,진접읍 해밀예당3로 59,남양주
1422,경기,남양주,퇴계원면 퇴계원로 66 (퇴계원리),남양주
1423,경기,화성,동탄대로시범길 189 (청계동),화성
1424,경기,화성,"동탄대로시범길 134 (청계동, 시범 반도유보라 아이비파크4.0)",화성
1425,경기,화성,동탄원천로 360 (능동),화성
1426,경기,화성,동탄대로14길 5-11 (오산동),화성
1427,경기,화성,석우동,화성
1428,경기,화성,동탄지성로 94 (반송동),화성
1429,경기,화성,동탄대로 537 (오산동),화성
1430,경기,화성,지산1길 25-12 (영천동),화성
1431,경기,화성,동탄기흥로 559 (영천동),화성
1432,경기,화성,왕배산2길 4-20 (목동),화성
1433,경기,화성,동탄대로21가길 4-10 (영천동),화성
1434,경기,화성,10용사로 343-2 (능동),화성
1435,경기,화성,동탄면 동탄기흥로257번가길 7,화성
1436,경기,화성,경기대로 1036 (진안동),화성
1437,경기,화성,"경기대로 985 (병점동, 홈플러스 병점점)",화성
1438,경기,화성,봉담읍 와우안길 16,화성
1439,경기,화성,권선로882번길 115-2 (반정동),화성
1440,경기,화성,향남읍 상신하길로298번길 7-21,화성
1441,경기,화성,남양읍 남양성지로 135,화성
1442,경기,화성,"남양읍 역골중앙로 118 (남양리, 동광뷰엘)",화성
1443,경기,화성,"동탄순환대로 830 (영천동, 동탄 SK V1 center)",화성
1444,경기,화성,"동탄중심상가1길 15 (반송동, 씨티21)",화성
1445,경기,화성,동탄순환대로 249 (산척동),화성
1446,경기,화성,향남읍 발안공단로 90 (구문천리),화성
1447,경기,화성,봉담읍 상봉길 31,화성
1448,경기,화성,송산면 사강로 195-4,화성
1449,경기,화성,반월동 삼성전자(주)화성사업장,화성
1450,경기,화성,동학산2길 8-7 (석우동),화성
1451,경기,화성,송산면 화성로 322 (육일리),화성
1452,경기,화성,남양읍 시청로 123,화성
1453,경기,화성,우정읍 기아자동차로 687 (화산리),화성
1454,경기,화성,우정읍 조암남로 12,화성
1455,경기,화성,병점1로 221 (진안동),화성
1456,경기,화성,향남읍 상신하길로 74 (상신리),화성
1457,경기,화성,향남읍 행정중앙2로 67,화성
1458,경기,평택,탄현로 51 (서정동),평택
1459,경기,평택,"안중읍 서동대로 1931-21 (금곡리, 안중백병원)",평택
1460,경기,평택,현신2길 6 (용이동),평택
1461,경기,평택,평택1로12번길 3 (평택동),평택
1462,경기,평택,평남로 1041 (동삭동),평택
1463,경기,평택,비전2로 192 (비전동),평택
1464,경기,평택,중앙로 205 (비전동),평택
1465,경기,평택,여염리,평택
1466,경기,평택,관광특구로 42 (서정동),평택
1467,경기,평택,탄현로 323 (신장동),평택
1468,경기,평택,안중읍 송담2로 31,평택
1469,경기,평택,용죽5길 5-9 (용이동),평택
1470,경기,평택,비전6길 4 (비전동),평택
1471,경기,평택,"청북읍 청북남로 253 (옥길리, 골드라인)",평택
1472,경기,평택,팽성읍 동서촌로 73 (객사리),평택
1473,경기,의정부,"가능로119번길 17 (가능동, 행복한세상아파트)",의정부
1474,경기,의정부,평화로 630 (의정부동),의정부
1475,경기,의정부,장곡로596번길 9 (신곡동),의정부
1476,경기,의정부,부용로 105 (금오동),의정부
1477,경기,의정부,평화로 224 (호원동),의정부
1478,경기,의정부,망월로 11 (호원동),의정부
1479,경기,의정부,"평화로 483 (의정부동, 청석빌딩)",의정부
1480,경기,의정부,신흥로 193 (의정부동),의정부
1481,경기,의정부,"신촌로 18-7 (가능동, 의정부 SK VIEW)",의정부
1482,경기,의정부,금오로 91 (금오동),의정부
1483,경기,의정부,용민로 397 (낙양동),의정부
1484,경기,의정부,비우로 102 (녹양동),의정부
1485,경기,의정부,평화로 547 (의정부동),의정부
1486,경기,의정부,오목로 215 (민락동),의정부
1487,경기,의정부,용현로 158 (민락동),의정부
1488,경기,의정부,동일로 460 (신곡동),의정부
1489,경기,의정부,회룡로 178 (장암동),의정부
1490,경기,의정부,"범골로 110 (의정부동, 전원빌딩)",의정부
1491,경기,의정부,시민로 81 (의정부동),의정부
1492,경기,의정부,시민로 442 (용현동),의정부
1493,경기,의정부,시민로 39 (의정부동),의정부
1494,경기,의정부,태평로 68 (의정부동),의정부
1495,경기,의정부,발곡로 25 (신곡동),의정부
1496,경기,의정부,추동로19번길 21 (신곡동),의정부
1497,경기,의정부,부용로 209-1 (신곡동),의정부
1498,경기,의정부,효자로 14 (민락동),의정부
1499,경기,의정부,용민로 84 (용현동),의정부
1500,경기,의정부,행복로 32-1 (의정부동),의정부
1501,경기,의정부,용민로 483 (민락동),의정부
1502,경기,의정부,신흥로 125 (호원동),의정부
1503,경기,의정부,신흥로 64 (호원동),의정부
1504,경기,의정부,"청사로 38 (금오동, 삼성홈플러스)",의정부
1505,경기,의정부,호국로 1139 (가능동),의정부
1506,경기,의정부,"평화로 374 (호원동, 한승아파트)",의정부
1507,경기,시흥,중심상가2길 20-13 (정왕동),시흥
1508,경기,시흥,복지로 90 (대야동),시흥
1509,경기,시흥,"도일로112번안길 21-2 (거모동, 유성그린빌)",시흥
1510,경기,시흥,장현능곡로 198 (능곡동),시흥
1511,경기,시흥,은행로 169 (대야동),시흥
1512,경기,시흥,동서로 1086 (목감동),시흥
1513,경기,시흥,"서울대학로278번길 61 (정왕동, 서영베니스스퀘어)",시흥
1514,경기,시흥,"배곧4로 87 (정왕동, 베스트프라자)",시흥
1515,경기,시흥,"서울대학로278번길 21 (정왕동, 새롬프라자2)",시흥
1516,경기,시흥,"배곧4로 22 (정왕동, 배곧타운2)",시흥
1517,경기,시흥,"시청로68번길 4 (장현동, 장현1 엔플러스빌)",시흥
1518,경기,시흥,정왕대로 64 (정왕동),시흥
1519,경기,시흥,시흥대로 1069 (신천동),시흥
1520,경기,시흥,수인로 3372 (신천동),시흥
1521,경기,시흥,서해안로 1605 (대야동),시흥
1522,경기,시흥,월곶중앙로 59 (월곶동),시흥
1523,경기,시흥,진말로9번길 15 (장곡동),시흥
1524,경기,시흥,함송로 16 (정왕동),시흥
1525,경기,시흥,서촌상가2길 15 (정왕동),시흥
1526,경기,시흥,"정왕대로233번안길 1 (정왕동, 우촌빌딩)",시흥
1527,경기,시흥,목감우회로 51 (목감동),시흥
1528,경기,시흥,하중로 199 (하중동),시흥
1529,경기,시흥,"배곧1로 27-15 (정왕동, 한라비발디캠퍼스)",시흥
1530,경기,시흥,오이도로 195 (정왕동),시흥
1531,경기,시흥,오이도중앙로 8-1 (정왕동),시흥
1532,경기,시흥,마유로418번길 18 (정왕동),시흥
1533,경기,파주,금빛로 24 (금촌동),파주
1534,경기,파주,새꽃로 197 (금촌동),파주
1535,경기,파주,문산읍 방촌로 1719-62,파주
1536,경기,파주,문산읍 당동1로 39-4,파주
1537,경기,파주,문산읍 문산역로 91,파주
1538,경기,파주,문산읍 문향로 70,파주
1539,경기,파주,경의로 1080 (야당동),파주
1540,경기,파주,가람로 6 (와동동),파주
1541,경기,파주,청석로 260 (동패동),파주
1542,경기,파주,쇠재로 128 (금릉동),파주
1543,경기,파주,번영로 18-1 (금촌동),파주
1544,경기,파주,와석순환로252번길 12 (목동동),파주
1545,경기,파주,조리읍 봉천로 40,파주
1546,경기,파주,교하로 79 (목동동),파주
1547,경기,파주,월롱산로 68 (야동동),파주
1548,경기,파주,송학1길 135-25 (야당동),파주
1549,경기,파주,탄현면 엘씨디로241번길 22 (금승리),파주
1550,경기,파주,한울로 123 (동패동),파주
1551,경기,파주,와석순환로 78 (야당동),파주
1552,경기,광명,오리로 974 (광명동),광명
1553,경기,광명,광명로 846 (광명동),광명
1554,경기,광명,금하로 534 (소하동),광명
1555,경기,광명,소하로 97 (소하동),광명
1556,경기,광명,금하로 458 (소하동),광명
1557,경기,광명,"광명역로 21 (일직동, 고속철도 광명역)",광명
1558,경기,광명,성채로50번길 15 (소하동),광명
1559,경기,광명,도덕로 36 (광명동),광명
1560,경기,광명,오리로856번길 6 (철산동),광명
1561,경기,광명,범안로 1042 (하안동),광명
1562,경기,김포,"김포한강4로 487 (구래동, 한강신도시 반도유보라 4차)",김포
1563,경기,김포,김포한강2로 88 (장기동),김포
1564,경기,김포,중봉1로 12 (감정동),김포
1565,경기,김포,"고촌읍 김포대로 340 (신곡리, 김포뉴시티)",김포
1566,경기,김포,김포한강8로 378 (구래동),김포
1567,경기,김포,김포한강9로 30 (구래동),김포
1568,경기,김포,"김포한강2로23번길 10 (장기동, 라베니체마치에비뉴Ⅰ)",김포
1569,경기,김포,"김포한강8로 163 (마산동, 한강스퀘어빌딩)",김포
1570,경기,김포,통진읍 서암로 68,김포
1571,경기,김포,중구로 21 (북변동),김포
1572,경기,김포,사우중로 52 (사우동),김포
1573,경기,김포,김포한강11로 288-5 (운양동),김포
1574,경기,김포,김포한강1로51번길 18 (장기동),김포
1575,경기,김포,김포한강11로 141 (장기동),김포
1576,경기,김포,사우중로 89 (북변동),김포
1577,경기,김포,풍무로 112 (풍무동),김포
1578,경기,김포,"김포한강5로 385 (구래동, 호수마을 e편한세상아파트)",김포
1579,경기,김포,김포한강1로 254 (운양동),김포
1580,경기,김포,유현로238번길 31 (풍무동),김포
1581,경기,군포,군포로 535 (당동),군포
1582,경기,군포,산본천로 216 (산본동),군포
1583,경기,군포,군포로 750 (금정동),군포
1584,경기,군포,당정역로4번길 19 (당정동),군포
1585,경기,군포,고산로 694-1 (산본동),군포
1586,경기,군포,번영로 504 (산본동),군포
1587,경기,군포,산본로343번길 23 (산본동),군포
1588,경기,군포,산본로 390 (산본동),군포
1589,경기,군포,고산로151번길 3 (당정동),군포
1590,경기,광주,행정타운로 49-6 (송정동),광주
1591,경기,광주,곤지암읍 곤지암로 53,광주
1592,경기,광주,"경안로 17 (경안동, 터미널빌딩)",광주
1593,경기,광주,초월읍 경충대로 907,광주
1594,경기,광주,"이배재로 304 (목현동, 로얄팰리스)",광주
1595,경기,광주,중앙로 205 (송정동),광주
1596,경기,광주,오포읍 신현로 51 (신현리),광주
1597,경기,광주,오포읍 문형산길 25 (신현리),광주
1598,경기,광주,고불로 50 (중대동),광주
1599,경기,광주,퇴촌면 광동로 32,광주
1600,경기,이천,마장면 이장로 155-23 (이치리),이천
1601,경기,이천,향교로 171 (갈산동),이천
1602,경기,이천,영창로 202-8 (창전동),이천
1603,경기,이천,"구만리로 191 (안흥동, 롯데캐슬 골드스카이)",이천
1604,경기,이천,부발읍 경충대로 2096-4 (아미리),이천
1605,경기,이천,증신로291번길 138 (송정동),이천
1606,경기,이천,이섭대천로 1440-50 (증포동),이천
1607,경기,이천,장호원읍 장감로 23 (진암리),이천
1608,경기,이천,"영창로 243 (창전동, Au타워)",이천
1609,경기,이천,"이섭대천로 1200 (중리동, 종합버스터미널)",이천
1610,경기,양주,화합로 1373 (덕정동),양주
1611,경기,양주,고읍남로 1 힘찬프라자,양주
1612,경기,양주,고읍로 36-18 (고읍동),양주
1613,경기,양주,광적면 가래비길 118 (가납리),양주
1614,경기,양주,평화로 1426 (덕계동),양주
1615,경기,양주,평화로 1491 (덕계동),양주
1616,경기,양주,회정로 126 (덕정동),양주
1617,경기,양주,부흥로 2151 (삼숭동),양주
1618,경기,양주,백석읍 양주산성로 603 (복지리),양주
1619,경기,양주,삼숭로38번길 19 (삼숭동),양주
1620,경기,양주,장흥면 호국로 553,양주
1621,경기,양주,옥정로 204 (옥정동),양주
1622,경기,양주,옥정동로4길 11 (옥정동),양주
1623,경기,양주,고읍남로39번길 129-8 (광사동),양주
1624,경기,양주,평화로 1571 (회정동),양주
1625,경기,양주,옥정동로8길 10 (옥정동),양주
1626,경기,양주,옥정동로 187 (옥정동),양주
1627,경기,오산,남부대로 411-12 (고현동),오산
1628,경기,오산,궐리사로 20 (궐동),오산
1629,경기,오산,수청로106번길 6-3 (금암동),오산
1630,경기,오산,내삼미로79번길 31 (수청동),오산
1631,경기,오산,성호대로 130 (원동),오산
1632,경기,오산,운암로 113 (오산동),오산
1633,경기,오산,경기대로 154 (원동),오산
1634,경기,구리,갈매중앙로 89-10 (갈매동),구리
1635,경기,구리,"갈매순환로 198 (갈매동, 비젼Ⅱ프라자)",구리
1636,경기,구리,갈매중앙로55번길 109 (갈매동),구리
1637,경기,구리,경춘로 176 (교문동),구리
1638,경기,구리,검배로6번길 8 (수택동),구리
1639,경기,구리,건원대로 44 (인창동),구리
1640,경기,구리,동구릉로136번길 35 (인창동),구리
1641,경기,구리,벌말로 91 (토평동),구리
1642,경기,구리,안골로 50 (교문동),구리
1643,경기,구리,검배로 51-1 (수택동),구리
1644,경기,구리,체육관로80번길 24 (수택동),구리
1645,경기,구리,경춘로 249 (인창동),구리
1646,경기,구리,동구릉로 94 (인창동),구리
1647,경기,구리,장자대로86번길 14-7 (수택동),구리
1648,경기,구리,이문안로 134 (토평동),구리
1649,경기,안성,삼죽면 진촌리,안성
1650,경기,안성,대천동,안성
1651,경기,안성,원곡면 만세로 1413 (외가천리),안성
1652,경기,안성,대덕면 내리,안성
1653,경기,포천,소흘읍 광릉수목원로 698,포천
1654,경기,포천,선마로 4 (선단동),포천
1655,경기,포천,호국로 1423 (어룡동),포천
1656,경기,포천,소흘읍 호국로 499,포천
1657,경기,포천,중앙로 134,포천
1658,경기,포천,호국로 1499 (신읍동),포천
1659,경기,포천,영북면 운천로 16,포천
1660,경기,포천,이동면 화동로 2058,포천
1661,경기,포천,일동면 화동로 1070-1,포천
1662,경기,의왕,계원대학로 40 (내손동),의왕
1663,경기,의왕,포일로 43 (내손동),의왕
1664,경기,의왕,"백운중앙로 88 (학의동, 효성해링턴플레이스 5단지)",의왕
1665,경기,의왕,부곡중앙로 27 (삼동),의왕
1666,경기,의왕,원골로 14 (오전동),의왕
1667,경기,의왕,포일동,의왕
1668,경기,하남,미사강변대로226번길 26 (망월동),하남
1669,경기,하남,"미사강변대로34번길 82 (풍산동, 골드프라자)",하남
1670,경기,하남,"미사강변중앙로204번길 22 (망월동, 미사 마이움 센트럴 아케이드)",하남
1671,경기,하남,미사강변북로30번길 14 (망월동),하남
1672,경기,하남,"조정대로 45 (풍산동, 미사센텀비즈)",하남
1673,경기,하남,"미사강변남로 45 (망월동, 골든브릿지)",하남
1674,경기,하남,"미사강변중앙로 161 (망월동, 미사파크뷰)",하남
1675,경기,하남,미사강변중앙로111번길 4 (풍산동),하남
1676,경기,하남,"위례대로 190 (학암동, 위례 효성해링턴 타워)",하남
1677,경기,하남,대청로 73 (신장동),하남
1678,경기,하남,초광로 110 (광암동),하남
1679,경기,하남,신장로 134 (덕풍동),하남
1680,경기,하남,덕풍동로 111-21 (덕풍동),하남
1681,경기,하남,"미사강변한강로 290-3 (망월동, 미사강변도시씨3단지)",하남
1682,경기,하남,미사강변한강로334번길 34 (망월동),하남
1683,경기,하남,"미사강변중앙로 221 (망월동, 센트럴파크2)",하남
1684,경기,하남,대청로 15 (신장동),하남
1685,경기,하남,하남유니온로 70-1 (신장동),하남
1686,경기,하남,하남대로 821 (덕풍동),하남
1687,경기,여주,가남읍 태평1길 4,여주
1688,경기,여주,"세종로 151 (홍문동, 여주 이마트)",여주
1689,경기,여주,"세종로 85 (홍문동, 여주종합터미널)",여주
1690,경기,양평,양평읍 남북로 76 (공흥리),양평
1691,경기,양평,용문면 마룡리,양평
1692,경기,양평,"용문면 다문중앙1길 9-1 (다문리, 용문의원)",양평
1693,경기,양평,양평읍 양근리,양평
1694,경기,양평,양평읍 중앙로 208,양평
1695,경기,동두천,중앙로 278 (생연동),동두천
1696,경기,동두천,지행로 60 (지행동),동두천
1697,경기,과천,별양상가로 2 (별양동),과천
1698,경기,과천,"경마공원대로 107 (주암동, 한국마사회)",과천
1699,경기,가평,청평면 경춘로 524,가평
1700,경기,가평,설악면 유명로 1600 (신천리),가평
1701,경기,가평,가평읍 가화로 104,가평
1702,경기,가평,가평읍 가화로 51,가평
1703,경기,가평,조종면 조종희망로 14,가평
1704,경기,가평,청평면 청평중앙로 57 (청평리),가평
1705,경기,연천,전곡읍 전곡로 156,연천
1706,강원,춘천,서부대성로 245 (효자동),춘천
1707,강원,춘천,서부대성로 44 (요선동),춘천
1708,강원,춘천,행촌로 47 (퇴계동),춘천
1709,강원,춘천,동내면 춘천순환로 70,춘천
1710,강원,춘천,동내면 춘천순환로 134,춘천
1711,강원,춘천,수변공원길 11 (삼천동),춘천
1712,강원,춘천,신동면 김유정로 1417 (증리),춘천
1713,강원,춘천,중앙로 110 (낙원동),춘천
1714,강원,춘천,춘천로 197-1 (효자동),춘천
1715,강원,춘천,사우로 38 (사농동),춘천
1716,강원,춘천,"충열로 153 (우두동, 북춘천새마을금고)",춘천
1717,강원,춘천,퇴계농공로 10 (석사동),춘천
1718,강원,춘천,후석로186번길 18 (석사동),춘천
1719,강원,춘천,동면 만천양지길 91 (만천리),춘천
1720,강원,춘천,"방송길 70 (온의동, 온의 롯데캐슬 스카이클래스)",춘천
1721,강원,춘천,충열로79번길 37 (우두동),춘천
1722,강원,춘천,서면 박사로 734 (현암리) 1층 이디야 커피,춘천
1723,강원,춘천,동면 춘천로449번길 30,춘천
1724,강원,춘천,시청길10번길 4-1 (조양동),춘천
1725,강원,춘천,춘주로 89 (온의동),춘천
1726,강원,춘천,우묵길52번길 24 (퇴계동),춘천
1727,강원,춘천,퇴계로93번길 15 (퇴계동),춘천
1728,강원,춘천,동내면 영서로 1783 (학곡리),춘천
1729,강원,춘천,춘천로 267 (후평동),춘천
1730,강원,춘천,보안길 70-2 (후평동),춘천
1731,강원,춘천,삭주로 62-1 (교동),춘천
1732,강원,원주,"상지대길 84 (우산동, 상지대학교)",원주
1733,강원,원주,"상지대길 84 (우산동, 상지대학교)",원주
1734,강원,원주,단구로 387 (단구동),원주
1735,강원,원주,남원로 528-31 (단구동),원주
1736,강원,원주,시청로 70 (무실동),원주
1737,강원,원주,문막읍 왕건로 81,원주
1738,강원,원주,오리현길 16-9 (반곡동) 우측상가,원주
1739,강원,원주,능라동길 48 (무실동),원주
1740,강원,원주,바우골길 8 (단계동),원주
1741,강원,원주,무실로 173 (명륜동),원주
1742,강원,원주,무실로12번길 33 (일산동),원주
1743,강원,원주,흥양로51번길 11 (태장동),원주
1744,강원,원주,서원대로 168 (단계동),원주
1745,강원,원주,건강로 23 (반곡동),원주
1746,강원,원주,양지로 10 (반곡동),원주
1747,강원,원주,"치악로 1489 (관설동, 홈플러스)",원주
1748,강원,원주,흥업면 남원로 85,원주
1749,강원,강릉,경강로 2120 (옥천동),강릉
1750,강원,강릉,솔올로 39 (교동),강릉
1751,강원,강릉,범일로 601 (내곡동),강릉
1752,강원,강릉,사천면 진리해변길 68-14 (사천진리),강릉
1753,강원,강릉,용지로 174-6 (교동),강릉
1754,강원,강릉,옥천로 62 (옥천동),강릉
1755,강원,강릉,선수촌로 79-15 (홍제동),강릉
1756,강원,강릉,강변로410번길 41 (입암동),강릉
1757,강원,강릉,금성로 58 (금학동),강릉
1758,강원,강릉,하평1길 16-5 (포남동),강릉
1759,강원,강릉,"창해로 307 (강문동, 세인트존스 호텔)",강릉
1760,강원,강릉,주문진읍 항구로 50 (주문리),강릉
1761,강원,동해,삼화로 510 (삼화동),동해
1762,강원,동해,청운1길 49 (쇄운동),동해
1763,강원,동해,한섬로 112 (천곡동),동해
1764,강원,속초,중앙로 44 (교동),속초
1765,강원,속초,동해대로 3741 (대포동),속초
1766,강원,속초,엑스포로 45 (조양동),속초
1767,강원,속초,장사항해안길 51 (장사동),속초
1768,강원,속초,조양로 213 (조양동),속초
1769,강원,속초,수복로 199 (금호동),속초
1770,강원,속초,해오름로 137 (조양동),속초
1771,강원,삼척,청석로 59 (교동),삼척
1772,강원,삼척,"대학로 30-1 (남양동, 나성미용실)",삼척
1773,강원,홍천,홍천읍 연봉로 32,홍천
1774,강원,홍천,홍천읍 공작산로 45,홍천
1775,강원,홍천,홍천읍 홍천로 321 (안정스위트타워),홍천
1776,강원,영월,영월읍 중앙로 40-5 (영흥리),영월
1777,강원,평창,평창읍 평창중앙로 55 (하리),평창
1778,강원,평창,대관령면 눈마을길 11 (횡계리),평창
1779,강원,정선,고한읍 하이원길 265-1,정선
1780,강원,철원,동송읍 이평1로 1,철원
1781,강원,철원,갈말읍 삼부연로 9,철원
1782,강원,철원,서면 와수로181번길 25-21,철원
1783,강원,화천,사내면 사내로 41-2,화천
1784,강원,화천,화천읍 상승로 42-7,화천
1785,강원,양구,양구읍 중앙길 10,양구
1786,강원,인제,북면 금강로 5,인제
1787,강원,인제,인제읍 인제로 200-1,인제
1788,강원,고성(강원),토성면 봉포4길 18 (봉포리),고성(강원)
1789,강원,양양,양양읍 양양로 72,양양
1790,충북,청주,서원구 서원남로 61-2 (모충동),청주
1791,충북,청주,청원구 오창읍 주성1길 18,청주
1792,충북,청주,청원구 오창읍 오창대로 315,청주
1793,충북,청주,청원구 오창읍 오창중앙로 123-2,청주
1794,충북,청주,"청원구 오창읍 중부로 760 (양청리, 오창 롯데캐슬 더 하이스트)",청주
1795,충북,청주,흥덕구 강서로 108 (강서동),청주
1796,충북,청주,"흥덕구 가경로 9-19 (가경동, 한림타워)",청주
1797,충북,청주,흥덕구 가경로 127 (가경동),청주
1798,충북,청주,서원구 복대로 31 (개신동),청주
1799,충북,청주,서원구 모충로9번길 3 (개신동),청주
1800,충북,청주,상당구 중고개로 333 (금천동),청주
1801,충북,청주,청원구 향군로 129 (내덕동),청주
1802,충북,청주,청원구 상당로 261-1 (우암동),청주
1803,충북,청주,흥덕구 대신로10번길 6-7 (복대동),청주
1804,충북,청주,흥덕구 복대로 180 (복대동),청주
1805,충북,청주,흥덕구 덕암로114번길 70 (봉명동),청주
1806,충북,청주,서원구 1순환로1107번길 36 (분평동),청주
1807,충북,청주,서원구 청남로 2018 (분평동),청주
1808,충북,청주,흥덕구 2순환로1168번길 26 (비하동),청주
1809,충북,청주,"서원구 예체로 55 (사직동, 푸르지오캐슬)",청주
1810,충북,청주,청원구 율봉로 22 (사천동),청주
1811,충북,청주,서원구 산남로 48 (산남동),청주
1812,충북,청주,상당구 상당로 112 (북문로2가),청주
1813,충북,청주,상당구 성안로 51 (남문로2가),청주
1814,충북,청주,상당구 사직대로 346 (서문동),청주
1815,충북,청주,서원구 신화로 42 (성화동),청주
1816,충북,청주,서원구 장전로 10 (성화동),청주
1817,충북,청주,서원구 구룡산로 245 (수곡동),청주
1818,충북,청주,청원구 율봉로201번길 16-1 (율량동),청주
1819,충북,청주,"상당구 월평로 180 (용암동, 국민은행)",청주
1820,충북,청주,상당구 낙영로24번길 17 (용암동),청주
1821,충북,청주,흥덕구 사운로 254 (운천동),청주
1822,충북,청주,청원구 율량로 100 (주성동),청주
1823,충북,청주,청원구 율봉로 97 (율량동),청주
1824,충북,청주,청원구 율량로201번길 19-1 (율량동),청주
1825,충북,청주,흥덕구 대농로 56 (복대동),청주
1826,충북,청주,흥덕구 송화로 176 (송절동),청주
1827,충북,청주,흥덕구 진재로 46 (복대동),청주
1828,충북,청주,서원구 내수동로 116 (사창동),청주
1829,충북,청주,흥덕구 오송읍 오송생명5로 183-3 (만수리),청주
1830,충북,충주,중앙탑면 원앙9길 18-1 (용전리),충주
1831,충북,충주,대소원면 대학로 11,충주
1832,충북,충주,성서7길 33 (성서동),충주
1833,충북,충주,갱고개로 162 (연수동),충주
1834,충북,충주,번영대로 113 (연수동),충주
1835,충북,충주,남산로 78 (용산동),충주
1836,충북,제천,"강저로11나길 13 (강제동, 센트럴 코아루)",제천
1837,충북,제천,원뜰로 24 (천남동),제천
1838,충북,제천,소새로7길 10 (왕암동),제천
1839,충북,제천,장락로 185-5 (장락동),제천
1840,충북,제천,의림대로 112 (중앙로1가),제천
1841,충북,제천,의림대로29길 22 (청전동),제천
1842,충북,보은,보은읍 삼산로 20 (삼산리),보은
1843,충북,옥천,옥천읍 중앙로1길 6-1 (금구리),옥천
1844,충북,영동,"영동읍 영산로 19 1층, 101호",영동
1845,충북,진천,광혜원면 중리1길 32-5,진천
1846,충북,진천,덕산면 공원로 4 (두촌리),진천
1847,충북,진천,진천읍 상산로 70,진천
1848,충북,괴산,괴산읍 읍내로 293,괴산
1849,충북,음성,금왕읍 무극로 274,음성
1850,충북,음성,대소면 대금로 528 (태생리),음성
1851,충북,음성,음성읍 수정로 26,음성
1852,충북,음성,맹동면 대하로 265,음성
1853,충북,단양,"단양읍 삼봉로 187-17 (상진리, 대명콘도)",단양
1854,충북,증평,증평읍 광장로 80-1,증평
1855,충북,증평,증평읍 초중5길 40,증평
1856,충남,천안,서북구 쌍용14길 46-20 (쌍용동),천안
1857,충남,천안,서북구 성환읍 성진로 55,천안
1858,충남,천안,동남구 단대로 119 (안서동),천안
1859,충남,천안,"서북구 1공단1길 52 (두정동, 센트하임프라자)",천안
1860,충남,천안,동남구 문암로 76 (안서동),천안
1861,충남,천안,동남구 충절로 311 (구성동),천안
1862,충남,천안,서북구 부성6길 8 (두정동),천안
1863,충남,천안,동남구 병천면 아우내순대길 35 (병천리),천안
1864,충남,천안,서북구 불당11로 13 (불당동),천안
1865,충남,천안,서북구 불당32길 24 (불당동),천안
1866,충남,천안,동남구 상명대길 32-1 (안서동),천안
1867,충남,천안,서북구 성성8로 14-20 (성성동),천안
1868,충남,천안,"서북구 서부대로 702 (성정동, 세창빌딩)",천안
1869,충남,천안,동남구 순천향6길 38 (봉명동),천안
1870,충남,천안,동남구 통정5로 48 (신방동),천안
1871,충남,천안,동남구 터미널9길 22-1 (신부동),천안
1872,충남,천안,서북구 불당26로 100-20 (불당동),천안
1873,충남,천안,"동남구 중암2길 21 (안서동, 지짐이)",천안
1874,충남,천안,서북구 직산읍 삼은3길 10,천안
1875,충남,천안,동남구 청수11로 13-21 (청당동),천안
1876,충남,천안,동남구 만남로 42 (신부동),천안
1877,충남,공주,봉황로 14-1 (봉황동),공주
1878,충남,공주,흑수골길 40 (신관동),공주
1879,충남,공주,"무령로 232 (중동, 우리빌딩)",공주
1880,충남,공주,반포면 동학사1로 266-16,공주
1881,충남,보령,지장골길 99 (죽정동),보령
1882,충남,보령,작은오랏5길 38 (동대동),보령
1883,충남,아산,번영로 223 (모종동),아산
1884,충남,아산,둔포면 둔포중앙로 189 (둔포리),아산
1885,충남,아산,배방읍 모산로 121,아산
1886,충남,아산,배방읍 배방로201번길 24-11 (북수리),아산
1887,충남,아산,아산로 118-3 (온천동),아산
1888,충남,아산,온천대로 1678 (풍기동),아산
1889,충남,아산,탕정면 탕정면로8번길 83,아산
1890,충남,아산,온천대로 1496 (온천동),아산
1891,충남,아산,배방읍 호서로79번길 20,아산
1892,충남,서산,대산읍 정자동2로 25 (대산리),서산
1893,충남,서산,율지8로 66 (동문동),서산
1894,충남,서산,동서1로 51 (석림동),서산
1895,충남,서산,남부순환로 1025 (예천동),서산
1896,충남,서산,음암면 운암로 210 (도당리),서산
1897,충남,서산,안견로 184-8 (동문동),서산
1898,충남,서산,해미면 한서1로 39 (대곡리),서산
1899,충남,서산,해미면 남문2로 116,서산
1900,충남,서산,호수공원9로 14 (예천동),서산
1901,충남,논산,은진면 대학로 122,논산
1902,충남,논산,해월로 231 (화지동),논산
1903,충남,논산,중앙로422번길 21 (취암동),논산
1904,충남,당진,송악읍 반촌로 103 (송악e편한세상),당진
1905,충남,당진,송산면 유곡6길 25,당진
1906,충남,당진,당진중앙2로 221 (읍내동),당진
1907,충남,당진,북문로1길 24 (읍내동),당진
1908,충남,당진,대덕1로 125-30 (대덕동),당진
1909,충남,금산,"금산읍 비단로 309 (상리, 아빠통닭)",금산
1910,충남,부여,부여읍 성왕로 207-8,부여
1911,충남,서천,서천읍 서천로 30,서천
1912,충남,서천,장항읍 장항로 174-1,서천
1913,충남,홍성,홍북읍 상하천로 31,홍성
1914,충남,홍성,홍성읍 아문길29번길 71-7,홍성
1915,충남,예산,삽교읍 청사로 202,예산
1916,충남,예산,덕산면 덕산온천로 448 (읍내리),예산
1917,충남,예산,예산읍 벚꽃로127번길 16,예산
1918,충남,태안,안면읍,태안
1919,충남,태안,태안읍 동문1길 46,태안
1920,전북,전주,덕진구 권삼득로 313 (금암동),전주
1921,전북,전주,덕진구 명륜3길 10-1 (덕진동1가),전주
1922,전북,전주,완산구 홍산중앙로 46 (효자동3가),전주
1923,전북,전주,완산구 마전2길 17-8 (효자동3가),전주
1924,전북,전주,완산구 전주객사5길 32 (고사동),전주
1925,전북,전주,"덕진구 가리내로 70 (금암동, 전주고속버스터미널)",전주
1926,전북,전주,완산구 천경로 40 (동서학동),전주
1927,전북,전주,완산구 백제대로 276 (중화산동2가),전주
1928,전북,전주,덕진구 기린대로 398 (금암동),전주
1929,전북,전주,완산구 백마산길 26 (효자동3가),전주
1930,전북,전주,덕진구 편운로 6 (동산동),전주
1931,전북,전주,완산구 홍산로 375 (효자동3가),전주
1932,전북,전주,덕진구 쪽구름로 107 (반월동),전주
1933,전북,전주,덕진구 백제대로 750 (인후동2가),전주
1934,전북,전주,완산구 중화산동2가 751-1,전주
1935,전북,전주,덕진구 삼송5길 14-23 (금암동),전주
1936,전북,전주,완산구 용리로 43 (효자동1가),전주
1937,전북,전주,완산구 거마평로 6 (삼천동1가),전주
1938,전북,전주,완산구 용리로 126 (삼천동1가),전주
1939,전북,전주,완산구 서곡1길 13-8 (효자동3가),전주
1940,전북,전주,완산구 용머리로 167 (효자동1가),전주
1941,전북,전주,완산구 고사평로 22 (서신동),전주
1942,전북,전주,완산구 여울로 17-8 (서신동),전주
1943,전북,전주,완산구 서신로 47 (서신동),전주
1944,전북,전주,덕진구 시천로 50 (송천동1가),전주
1945,전북,전주,덕진구 송천중앙로 220 (송천동2가),전주
1946,전북,전주,덕진구 가리내로 33 (금암동),전주
1947,전북,전주,완산구 홍산북로 11-3 (효자동2가),전주
1948,전북,전주,덕진구 석소로 10 (우아동2가),전주
1949,전북,전주,덕진구 안덕원로 248 (인후동1가),전주
1950,전북,전주,덕진구 세병로 174-9 (송천동2가),전주
1951,전북,전주,완산구 서원로 356-1 (중화산동1가),전주
1952,전북,전주,덕진구 호성1길 7 (우아동3가),전주
1953,전북,전주,덕진구 건산로 250 (인후동1가),전주
1954,전북,전주,완산구 중산중앙로 7 (중화산동2가),전주
1955,전북,전주,완산구 팔달로 250 (서노송동),전주
1956,전북,전주,완산구 서원로 283 (중화산동2가) 이디야커피 전주중화산동점,전주
1957,전북,전주,덕진구 태진로 110 (진북동),전주
1958,전북,전주,덕진구 기린대로 693 (팔복동2가),전주
1959,전북,전주,"완산구 모악로 4764 (평화동1가, 백산한의원)",전주
1960,전북,전주,완산구 소대배기로 12 (평화동2가),전주
1961,전북,전주,덕진구 가련산로 10 (덕진동2가),전주
1962,전북,전주,완산구 팔달로 126 (전동),전주
1963,전북,전주,완산구 오정1길 4 (중동),전주
1964,전북,전주,완산구 용머리로 44 (효자동1가),전주
1965,전북,전주,완산구 호암로 80 (효자동2가),전주
1966,전북,군산,구영7길 101 (영화동),군산
1967,전북,군산,수송로 34 (나운동),군산
1968,전북,군산,하나운로 32 (나운동),군산
1969,전북,군산,황룡로 12 (미룡동),군산
1970,전북,군산,백토로 166 (나운동),군산
1971,전북,군산,미장안길 7 (미장동),군산
1972,전북,군산,동아로 155 (산북동),군산
1973,전북,군산,수송로 174 (수송동),군산
1974,전북,군산,동수송안길 35 (수송동),군산
1975,전북,군산,구암3.1로 137 (경암동),군산
1976,전북,군산,계산로 89 (지곡동),군산
1977,전북,익산,평동로 748 (동산동),익산
1978,전북,익산,익산대로54길 83 (신동),익산
1979,전북,익산,익산대로 460 (신동),익산
1980,전북,익산,서동로 126-2 (동산동),익산
1981,전북,익산,선화로1길 4 (모현동1가),익산
1982,전북,익산,인북로32길 10 (남중동),익산
1983,전북,익산,무왕로 1135 (어양동),익산
1984,전북,익산,익산대로 158-1 (중앙동1가),익산
1985,전북,익산,무왕로 1072-1 (영등동),익산
1986,전북,익산,고봉로24길 38 (영등동),익산
1987,전북,익산,익산대로 58-3 (평화동),익산
1988,전북,정읍,중앙로 276 (상동),정읍
1989,전북,정읍,수성로 32 (수성동),정읍
1990,전북,정읍,중앙로 125 (수성동),정읍
1991,전북,정읍,중앙로 30-10 (연지동),정읍
1992,전북,남원,용성로 228 (도통동),남원
1993,전북,남원,남문로 451 (하정동),남원
1994,전북,김제,금산면 모악로 464 (금산리),김제
1995,전북,김제,금성로 115 (검산동),김제
1996,전북,김제,동서로 171 (요촌동),김제
1997,전북,김제,동서로 241 (요촌동),김제
1998,전북,완주,봉동읍 둔산3로 68,완주
1999,전북,완주,봉동읍 봉동로 160,완주
2000,전북,완주,삼례읍 동학로 98,완주
2001,전북,완주,구이면 모악산길 107,완주
2002,전북,완주,이서면 출판로 40,완주
2003,전북,진안,진안읍 우화산길 9 (군하리),진안
2004,전북,무주,무주읍 향학로 37,무주
2005,전북,장수,장수읍 싸리재로 6 (장수리),장수
2006,전북,임실,임실읍 운수로 19,임실
2007,전북,순창,순창읍 순창로 211,순창
2008,전북,고창,고창읍 중앙로 191,고창
2009,전북,부안,변산면 격포로 144 (격포리),부안
2010,전북,부안,진서면 내소사로 183 (석포리),부안
2011,전북,부안,부안읍 오정2길 38,부안
2012,전남,목포,양을로 59 (산정동),목포
2013,전남,목포,연산백련로7번길 2-14 (연산동),목포
2014,전남,목포,옥암로 42 (옥암동),목포
2015,전남,목포,청호로219번길 34-15 (산정동),목포
2016,전남,목포,청호로 160 (산정동),목포
2017,전남,목포,하당로 264 (옥암동),목포
2018,전남,목포,당가두로 16 (옥암동),목포
2019,전남,목포,연산로 165-1 (산정동),목포
2020,전남,목포,원형로 7 (상동),목포
2021,전남,목포,미항로 131 (상동),목포
2022,전남,목포,비파로51번길 10 (상동),목포
2023,전남,여수,대교로 30 (봉산동),여수
2024,전남,여수,무선로 55 (선원동),여수
2025,전남,여수,소호로 481 (소호동),여수
2026,전남,여수,시청동1길 17 (학동),여수
2027,전남,여수,새터로 61 (신기동),여수
2028,전남,여수,흥국로 32 (학동),여수
2029,전남,여수,오동도로 61-16 (수정동),여수
2030,전남,여수,여서1로 59 (여서동),여수
2031,전남,여수,시청동1길 17 (학동),여수
2032,전남,여수,소라면 죽림2길 34-7 (죽림리),여수
2033,전남,여수,이순신광장로 159 (중앙동),여수
2034,전남,순천,"대석길 46 (연향동, 비버리휠스 플로클럽)",순천
2035,전남,순천,장선배기길 110 (조례동),순천
2036,전남,순천,"해룡면 상성길 70 (남가리, 순천만플라자 모다아울렛)",순천
2037,전남,순천,해룡면 신대1길 4-21 (신대리),순천
2038,전남,순천,팔마로 126 (조곡동),순천
2039,전남,순천,"연향번영길 102 (연향동, 양천회관)",순천
2040,전남,순천,오천5길 8 (오천동),순천
2041,전남,순천,왕궁길 25 (조례동),순천
2042,전남,순천,삼산로 103-9 (용당동),순천
2043,전남,순천,팔마로 191 (덕암동),순천
2044,전남,순천,봉화2길 96 (조례동),순천
2045,전남,순천,연자로 3 (중앙동),순천
2046,전남,순천,장천3길 4 (장천동),순천
2047,전남,순천,왕지4길 21 (왕지동),순천
2048,전남,나주,남평읍 강변1길 8 (동사리),나주
2049,전남,광양,사동로 180 (마동),광양
2050,전남,광양,광장로 103 (중동),광양
2051,전남,광양,희망길 74 (금호동),광양
2052,전남,광양,광양읍 매천로 739,광양
2053,전남,광양,희망1길 69 (금호동),광양
2054,전남,광양,"항만11로 70 (중동, 삼성홈프러스광양점)",광양
2055,전남,담양,담양읍 중앙로 21 (천변리),담양
2056,전남,곡성,곡성읍 곡성로 817 (읍내리),곡성
2057,전남,고흥,도양읍 녹동신항1길 32,고흥
2058,전남,고흥,"고흥읍 봉동주공길 11-2 (남계리, 제조업소)",고흥
2059,전남,화순,화순읍 만연로 48-2,화순
2060,전남,장흥,장흥읍 흥성로 31 (건산리),장흥
2061,전남,강진,강진읍 영랑로 5,강진
2062,전남,해남,해남읍 중앙1로 2-14,해남
2063,전남,영암,삼호읍 대불주거로 211,영암
2064,전남,무안,청계면 도림길 92-2 (도림리),무안
2065,전남,무안,삼향읍 대죽동로 43 (남악리),무안
2066,전남,영광,영광읍 신남로 150,영광
2067,전남,장성,장성읍 영천로 162 (영천리),장성
2068,전남,완도,완도읍 개포로114번길 30,완도
2069,전남,진도,진도읍 서문길 40,진도
2070,경북,포항,"북구 대신로 43 (대신동, 선린병원)",포항
2071,경북,포항,남구 중섬로 10 (대잠동),포항
2072,경북,포항,북구 학산로11번길 8-1 (학산동),포항
2073,경북,포항,북구 대곡로 47 (두호동),포항
2074,경북,포항,북구 창흥로 30 (창포동),포항
2075,경북,포항,북구 문화로13번길 7 (덕수동),포항
2076,경북,포항,북구 법원로 177 (양덕동),포항
2077,경북,포항,남구 오천읍 원동로 20,포항
2078,경북,포항,북구 우창동로21번길 6 (우현동),포항
2079,경북,포항,남구 희망대로 614 (대잠동),포항
2080,경북,포항,북구 대이로 188 (득량동),포항
2081,경북,포항,북구 중앙상가3길 19-7 (상원동),포항
2082,경북,포항,남구 지곡로212번길 33 (지곡동),포항
2083,경북,포항,북구 흥해읍 한동로 558,포항
2084,경북,포항,북구 송라면 동해대로3378번길 2 (지경리),포항
2085,경북,포항,남구 효성로 63 (효자동),포항
2086,경북,경주,현곡면 용담로 181,경주
2087,경북,경주,"동대로 87 (석장동, 동국대학교 경주병원)",경주
2088,경북,경주,금성로 413 (성건동),경주
2089,경북,경주,양정로290번길 12 (동천동),경주
2090,경북,경주,동천로49번길 3 (동천동),경주
2091,경북,경주,보문로 465-67 (신평동),경주
2092,경북,경주,석장길 59-2 (석장동),경주
2093,경북,경주,알천남로 232 (성동동),경주
2094,경북,경주,원화로 287 (성동동),경주
2095,경북,경주,강변로 184 (노서동),경주
2096,경북,경주,안강읍 안강중앙로 184,경주
2097,경북,경주,탈해로52번길 15 (동천동),경주
2098,경북,경주,외동읍 내외로 10,경주
2099,경북,경주,승삼북길 27 (용강동),경주
2100,경북,경주,용황로7길 19 (용강동),경주
2101,경북,경주,외동읍 산업로 2183 (구어리),경주
2102,경북,경주,화랑로 101 (동부동),경주
2103,경북,경주,충효녹지길 58-2 (충효동),경주
2104,경북,경주,"공단로 97 (용강동, 홈플러스)",경주
2105,경북,경주,용담로 92 (황성동),경주
2106,경북,경주,용담로92번길 68 (황성동),경주
2107,경북,경주,"유림로 21 (황성동, 황성협성휴포레)",경주
2108,경북,김천,영남대로 2010 (덕곡동),김천
2109,경북,김천,부거리길 8 (신음동),김천
2110,경북,김천,"혁신3로 26 (율곡동, 드림타워)",김천
2111,경북,안동,풍천면 검무로 48 (갈전리),안동
2112,경북,안동,강남5길 35 (정하동),안동
2113,경북,안동,송현길 154-17 (송현동),안동
2114,경북,안동,광명로 189 (옥동),안동
2115,경북,안동,문화광장길 65 (삼산동),안동
2116,경북,안동,"경동로 656 (운흥동, 홈플러스)",안동
2117,경북,구미,인동43길 5-7 (구평동),구미
2118,경북,구미,금오산로 180 (남통동),구미
2119,경북,구미,야은로 273 (봉곡동),구미
2120,경북,구미,송원서로 29 (송정동),구미
2121,경북,구미,구미중앙로 84 (원평동),구미
2122,경북,구미,산호대로23길 35 (옥계동),구미
2123,경북,구미,인동가산로 14 (진평동),구미
2124,경북,구미,인동중앙로6길 39 (인의동),구미
2125,경북,구미,산동면 신당2로 29 (신당리),구미
2126,경북,구미,검성로 42-3 (황상동),구미
2127,경북,구미,이계북로 23 (임수동),구미
2128,경북,영주,대학로 221 (가흥동),영주
2129,경북,영주,영주로 228 (하망동),영주
2130,경북,영주,대학로 3 (휴천동),영주
2131,경북,영주,풍기읍 기주로 92,영주
2132,경북,영천,언하공단로 91-12 (망정동),영천
2133,경북,영천,장천길 9 (조교동),영천
2134,경북,상주,상산로 243-1 (남성동),상주
2135,경북,상주,경상대로 3141 (만산동),상주
2136,경북,문경,문경읍 새재로 908,문경
2137,경북,문경,당교로 237 (모전동),문경
2138,경북,경산,하양읍 문화로 3 (하양3차우방타운),경산
2139,경북,경산,경안로65길 5-8 (대평동),경산
2140,경북,경산,백자로 117 (사동),경산
2141,경북,경산,성암로 42 (옥산동),경산
2142,경북,경산,경안로 186 (중방동),경산
2143,경북,경산,경안로 288 (중방동),경산
2144,경북,경산,청운로 18 (대동),경산
2145,경북,군위,군위읍 도군로 2645 (정리),군위
2146,경북,청송,부동면 공원길 164,청송
2147,경북,영덕,영덕읍 중앙길 96,영덕
2148,경북,영덕,영해면 318만세길 148-1,영덕
2149,경북,청도,청도읍 고수서2길 1 (고수리),청도
2150,경북,청도,화양읍 이슬미로 321 (삼신리),청도
2151,경북,고령,대가야읍 우륵로 16-1,고령
2152,경북,성주,성주읍 성주로 3216-1,성주
2153,경북,칠곡,석적읍 남율로5길 49-14 (남율리),칠곡
2154,경북,칠곡,석적읍 북중리12길 2,칠곡
2155,경북,칠곡,석적읍 석적로 939,칠곡
2156,경북,예천,예천읍 효자로 100-1,예천
2157,경북,예천,"호명면 수변로 77 (산합리, 예천농협 하나로마트 수변점)",예천
2158,경북,봉화,봉화읍 봉화로 1187,봉화
2159,경북,울진,울진읍 읍내8길 5 (읍내리),울진
2160,경북,울진,북면 울진북로 2094 (부구리),울진
2161,경남,창원,마산합포구 월영동4길 10 (해운동),창원
2162,경남,창원,"마산회원구 합포로 292 (양덕동, 대화빌딩)",창원
2163,경남,창원,"마산회원구 삼호로 80 (양덕동, 메트로시티 2단지)",창원
2164,경남,창원,마산합포구 불종거리로 27 (중성동),창원
2165,경남,창원,마산회원구 내서읍 삼계로 45-1 (삼계리),창원
2166,경남,창원,마산회원구 석전동로 7 (석전동),창원
2167,경남,창원,마산회원구 마산역광장로 12 (석전동),창원
2168,경남,창원,마산합포구 서성로 3 (중앙동3가),창원
2169,경남,창원,마산합포구 3.15대로 156 (중앙동2가),창원
2170,경남,창원,마산합포구 진동면 삼진의거대로 619,창원
2171,경남,창원,마산회원구 마산역광장로 18 (합성동),창원
2172,경남,창원,"마산회원구 3.15대로 741 (합성동, 이정호치과)",창원
2173,경남,창원,마산합포구 현동1길 4-14 (현동),창원
2174,경남,창원,"진해구 진해대로 762 (석동, 롯데마트)",창원
2175,경남,창원,"진해구 냉천로 63 (석동, city&country)",창원
2176,경남,창원,"진해구 냉천로 235 (자은동, 창원자은 에일린의 뜰)",창원
2177,경남,창원,진해구 충장로657번길 30 (장천동),창원
2178,경남,창원,진해구 충장로 94 (충무동),창원
2179,경남,창원,성산구 가음로 107 (남양동),창원
2180,경남,창원,의창구 북면 감계로110번길 11-4 (감계리),창원
2181,경남,창원,의창구 상남로 250 (신월동),창원
2182,경남,창원,성산구 삼귀로 193-5 (귀곡동),창원
2183,경남,창원,의창구 남산로 87 (서상동),창원
2184,경남,창원,성산구 정동로162번길 61 (남산동),창원
2185,경남,창원,"성산구 가음로15번길 52 (남양동, 성원2차아파트)",창원
2186,경남,창원,의창구 용동로83번안길 36 (사림동),창원
2187,경남,창원,의창구 도계로 58 (도계동),창원
2188,경남,창원,"성산구 원이대로473번길 19-9 (반림동, 시골솥단지삼겹살)",창원
2189,경남,창원,"성산구 원이대로393번길 21 (반지동, 인화상가)",창원
2190,경남,창원,성산구 창이대로706번길 4-24 (사파동),창원
2191,경남,창원,의창구 원이대로 259 (봉곡동),창원
2192,경남,창원,의창구 대봉로26번길 4-5 (봉림동),창원
2193,경남,창원,"의창구 읍성로 59 (소답동, 송원상가)",창원
2194,경남,창원,성산구 원이대로682번길 14 (상남동),창원
2195,경남,창원,의창구 원이대로 320 (대원동),창원
2196,경남,창원,"성산구 안민안길 42 (안민동, 삼성그렌드아파트)",창원
2197,경남,창원,성산구 동산로65번길 24 (상남동),창원
2198,경남,창원,성산구 원이대로 608 (중앙동),창원
2199,경남,창원,"의창구 용지로169번길 13 (용호동, 라이크빌-1)",창원
2200,경남,창원,의창구 팔용로443번길 4 (팔용동),창원
2201,경남,창원,"의창구 창원대로 415 (팔용동, 삼성홈플러스)",창원
2202,경남,진주,강남로167번길 10 (칠암동),진주
2203,경남,진주,진주대로929번길 15 (강남동),진주
2204,경남,진주,가좌길74번길 1 (가좌동),진주
2205,경남,진주,진주대로 514 (가좌동),진주
2206,경남,진주,촉석로 186 (대안동),진주
2207,경남,진주,창렬로 111 (상봉동),진주
2208,경남,진주,동진로216번길 5 (상대동),진주
2209,경남,진주,진양호로 278 (신안동),진주
2210,경남,진주,동부로169번길 12 (충무공동),진주
2211,경남,진주,진주대로 1317-15 (이현동),진주
2212,경남,진주,남강로 690 (장대동),진주
2213,경남,진주,진주대로815번길 14 (주약동),진주
2214,경남,진주,초북로 36 (초전동),진주
2215,경남,진주,사들로156번길 7 (충무공동),진주
2216,경남,진주,평거로 14 (평거동),진주
2217,경남,진주,새들말로 28 (평거동),진주
2218,경남,진주,진양호로28번길 21 (평거동),진주
2219,경남,진주,도동로 241 (하대동),진주
2220,경남,진주,사들로 83 (충무공동),진주
2221,경남,진주,강변길 5 (호탄동),진주
2222,경남,진주,"대신로 304 (상대동, 홈플러스)",진주
2223,경남,통영,동문로 3 (태평동),통영
2224,경남,통영,무전6길 25 (무전동),통영
2225,경남,통영,광도면 죽림해안로 64-6,통영
2226,경남,사천,정동면 진삼로 1414 (고읍리),사천
2227,경남,사천,용현면 용현로 31 (덕곡리),사천
2228,경남,사천,사천읍 읍내1길 92,사천
2229,경남,사천,동금2길 31 (동금동),사천
2230,경남,김해,삼계로 205 (삼계동),김해
2231,경남,김해,계동로 159 (대청동),김해
2232,경남,김해,"가락로 359 (구산동, 강일병원)",김해
2233,경남,김해,우암로 21-1 (외동),김해
2234,경남,김해,대청로 58-10 (관동동),김해
2235,경남,김해,김해대로 1970-1 (구산동),김해
2236,경남,김해,구지로 54 (내동),김해
2237,경남,김해,내외중앙로 48 (외동),김해
2238,경남,김해,번화1로44번길 20 (대청동),김해
2239,경남,김해,해반천로 32 (구산동),김해
2240,경남,김해,"가락로 19 (부원동, 아름다운 뉴욕 메디컬센터)",김해
2241,경남,김해,해반천로144번길 35-19 (삼계동),김해
2242,경남,김해,율하2로 218 (율하동),김해
2243,경남,김해,호계로422번길 16 (부원동),김해
2244,경남,김해,김해대로 2342 (부원동),김해
2245,경남,김해,인제로 89 (어방동),김해
2246,경남,김해,금관대로1368번길 4 (내동),김해
2247,경남,김해,금관대로 1165 (외동),김해
2248,경남,김해,율하3로 38 (율하동),김해
2249,경남,김해,율하3로91번길 42-2 (관동동),김해
2250,경남,김해,인제로 176 (어방동),김해
2251,경남,김해,능동로155번길 10-5 (부곡동),김해
2252,경남,김해,"분성로727번길 2 (지내동, 대호빌딩)",김해
2253,경남,김해,진영읍 본산로 27-18 (여래리),김해
2254,경남,김해,진영읍 진영로 286-5,김해
2255,경남,김해,진영읍 김해대로407번길 30,김해
2256,경남,김해,진영읍 진산대로 63-31 (진영리),김해
2257,경남,김해,전하로304번길 23 (외동),김해
2258,경남,김해,한림면 김해대로 1464,김해
2259,경남,김해,"김해대로 2078 (내동, 삼성홈플러스)",김해
2260,경남,김해,흥동로 42 (흥동),김해
2261,경남,밀양,중앙로 381 (내이동),밀양
2262,경남,밀양,미리벌로2길 20 (삼문동),밀양
2263,경남,밀양,시청로1길 4 (내이동),밀양
2264,경남,거제,계룡로 62 (상동동),거제
2265,경남,거제,거제중앙로29길 13 (고현동),거제
2266,경남,거제,거제면 거제남서로 3471,거제
2267,경남,거제,아주1로2길 26-1 (아주동),거제
2268,경남,거제,"옥포성안로 27 (옥포동, C.S BeverlyHills3)",거제
2269,경남,거제,장평로 20 (장평동),거제
2270,경남,거제,중곡로3길 28 (고현동),거제
2271,경남,양산,물금읍 백호로 34 (가촌리),양산
2272,경남,양산,동면 금오3길 10 (금산리),양산
2273,경남,양산,삼일로 67 (북부동),양산
2274,경남,양산,덕계로 61 (덕계동),양산
2275,경남,양산,물금읍 황산로 338 (물금리),양산
2276,경남,양산,물금읍 범어로 60 (범어리),양산
2277,경남,양산,물금읍 황산로 453 (가촌리),양산
2278,경남,양산,물금읍 화합4길 6-1 (범어리),양산
2279,경남,양산,물금읍 황산로 643 (범어리) 이디야 커피,양산
2280,경남,양산,"북정로 17 (북정동, EDIYA COFFEE/서울족발)",양산
2281,경남,양산,삼호1길 41 (삼호동),양산
2282,경남,양산,동면 금오16길 16 (석산리),양산
2283,경남,양산,"중앙로 248 (신기동, 예호빌딩)",양산
2284,경남,양산,양산역7길 14 (중부동),양산
2285,경남,양산,"물금읍 야리4길 7 (범어리, 삼융프라자)",양산
2286,경남,양산,평산북1길 11 (평산동),양산
2287,경남,함안,가야읍 함마대로 1504,함안
2288,경남,창녕,남지읍 동포옛길 21-44 (남지리),창녕
2289,경남,창녕,"창녕읍 화왕산로 50 (송현리, 커피숍)",창녕
2290,경남,고성(경남),고성읍 동외로 137,고성(경남)
2291,경남,남해,남해읍 화전로78번길 5,남해
2292,경남,산청,신안면 지리산대로 3465,산청
2293,경남,함양,함양읍 필봉산길 46,함양
2294,경남,거창,거창읍 강변로 119,거창
2295,경남,합천,합천읍 옥산로 34,합천
2296,경남,합천,대양면 동부로 32-7 (정양리),합천
2297,제주특별자치도,제주,애월읍 평화로 2144 (유수암리),제주
2298,제주특별자치도,제주,달마루길 10-1 (노형동),제주
2299,제주특별자치도,제주,서사로 90 (삼도1동),제주
2300,제주특별자치도,제주,광양14길 11 (이도2동),제주
2301,제주특별자치도,제주,신광로 27 (연동),제주
2302,제주특별자치도,제주,연북로 34 (노형동),제주
2303,제주특별자치도,제주,관덕로13길 2 (일도1동),제주
2304,제주특별자치도,제주,수목원길 9 (노형동),제주
2305,제주특별자치도,제주,한림읍 한림로 711 (정다운아파트),제주
2306,제주특별자치도,서귀포,동홍동로 9 (동홍동),서귀포
2307,제주특별자치도,서귀포,일주동로 9209 (법환동),서귀포
2308,제주특별자치도,서귀포,중앙로 90 (서귀동),서귀포
2309,제주특별자치도,서귀포,남원읍 남태해안로 135,서귀포
2310,제주특별자치도,서귀포,성산읍 성산중앙로 43,서귀포
2311,제주특별자치도,서귀포,표선면 번영로 2644,서귀포
2312,제주특별자치도,서귀포,중문관광로 42 (색달동),서귀포
2313,경기,수원,장안구 서부로2123번길 17 (율전동),수원
2314,경기,수원,장안구 연무동,수원
2315,경기,수원,장안구 정조로922번길 1 (영화동),수원
2316,경기,수원,장안구 수성로258번길 3 (영화동),수원
2317,경기,수원,장안구 송죽동,수원
2318,경기,수원,장안구 정자천로173번길 11-6 (정자동),수원
2319,경기,수원,장안구 금당로 46 (조원동),수원
2320,경기,수원,장안구 만석로19번길 25-5 (천천동),수원
2321,경기,수원,장안구 파장로 81 (정자동),수원
2322,경기,수원,"권선구 수인로 291 (구운동, 서수원버스터미널)",수원
2323,경기,수원,권선구 산업로156번길 201 (고색동),수원
2324,경기,수원,권선구 매송고색로691번길 2 (고색동),수원
2325,경기,수원,권선구 곡반정로97번길 20 (곡반정동),수원
2326,경기,수원,권선구 구운동,수원
2327,경기,수원,"권선구 권광로 55 (권선동, 권선자이 이편한세상)",수원
2328,경기,수원,권선구 동수원로242번길 9 (권선동),수원
2329,경기,수원,권선구 금곡동,수원
2330,경기,수원,권선구 호매실로90번길 116 (호매실동),수원
2331,경기,수원,권선구 당진로15번길 1 (당수동),수원
2332,경기,수원,권선구 호매실동,수원
2333,경기,수원,권선구 세류로 55 (세류동),수원
2334,경기,수원,"권선구 동수원로177번길 90 (권선동, 수원아이파크시티9단지)",수원
2335,경기,수원,권선구 삼천병마로1592번길 3-4 (오목천동),수원
2336,경기,수원,권선구 탑동,수원
2337,경기,수원,권선구 금곡동,수원
2338,경기,수원,"권선구 금곡로 204 (금곡동, 세종타운721)",수원
2339,경기,수원,팔달구 중부대로 93-1 (지동),수원
2340,경기,수원,팔달구 덕영대로 924 (매산로1가),수원
2341,경기,수원,팔달구 정조로 797-1 (팔달로2가),수원
2342,경기,수원,팔달구 갓매산로 46 (매산로2가),수원
2343,경기,수원,팔달구 경수대로604번길 19 (우만동),수원
2344,경기,수원,팔달구 인계동,수원
2345,경기,수원,"팔달구 권광로 169 (인계동, 이화빌딩)",수원
2346,경기,수원,팔달구 인계동,수원
2347,경기,수원,팔달구 팔달로3가,수원
2348,경기,수원,팔달구 화산로 56 (화서동),수원
2349,경기,수원,팔달구 화서동,수원
2350,경기,수원,영통구 광교로 107 (이의동),수원
2351,경기,수원,"영통구 덕영대로 1709 (영통동, 경희유니빌)",수원
2352,경기,수원,영통구 도청로89번길 43 (이의동),수원
2353,경기,수원,영통구 광교중앙로266번길 40 (하동),수원
2354,경기,수원,영통구 대학1로 49 (이의동),수원
2355,경기,수원,영통구 웰빙타운로49번길 36 (이의동),수원
2356,경기,수원,영통구 센트럴타운로 103 (이의동),수원
2357,경기,수원,"영통구 법조로 38 (하동, 광교 더샵 레이크파크)",수원
2358,경기,수원,"영통구 신원로 88 (신동, 디지털엠파이어2)",수원
2359,경기,수원,"영통구 영통로 195 (망포동, 골든스퀘어)",수원
2360,경기,수원,"영통구 영통로 115 (망포동, 신영통 알파빌딩)",수원
2361,경기,수원,"영통구 효원로 393 (매탄동, 밀래니엄프라자)",수원
2362,경기,수원,영통구 인계로 289 (매탄동),수원
2363,경기,수원,영통구 덕영대로1556번길 16 (영통동),수원
2364,경기,수원,"영통구 봉영로 1590 (영통동, 밀레니엄 프라자)",수원
2365,경기,수원,"영통구 봉영로 1613 (영통동, 영통하우스토리)",수원
2366,경기,수원,"영통구 중부대로448번길 97 (원천동, 삼성테크노파크)",수원
2367,경기,수원,영통구 봉영로1759번길 7 (영통동),수원
2368,경기,수원,영통구 중부대로 264-1 (매탄동),수원
2369,경기,수원,영통구 아주로 43 (원천동),수원
2370,경기,수원,"영통구 봉영로 지하 1560 (영통동, 영통역)",수원
2371,경기,성남,수정구 성남대로 1334 (태평동),성남
2372,경기,성남,수정구 복정로 68 (복정동),성남
2373,경기,성남,수정구 수정로 352 (산성동),성남
2374,경기,성남,수정구 수정로 192 (신흥동),성남
2375,경기,성남,수정구 위례광장로 21-10 (창곡동),성남
2376,경기,성남,"수정구 위례광장로 322 (창곡동, 아이플렉스)",성남
2377,경기,성남,"수정구 위례광장로 300 (창곡동, 위례중앙역 중앙타워)",성남
2378,경기,성남,수정구 창곡동,성남
2379,경기,성남,수정구 수정로578번길 28 (양지동),성남
2380,경기,성남,수정구 수정로 154 (신흥동),성남
2381,경기,성남,수정구 수정로73번길 6-6 (태평동),성남
2382,경기,성남,중원구 산성대로 460 (금광동),성남
2383,경기,성남,중원구 산성대로 344 (중앙동),성남
2384,경기,성남,중원구 광명로 8 (성남동),성남
2385,경기,성남,"중원구 사기막골로 124 (상대원동, SKn테크노파크)",성남
2386,경기,성남,중원구 도촌남로 33 (도촌동),성남
2387,경기,성남,"중원구 둔촌대로 115 (성남동, 삼흥빌딩)",성남
2388,경기,성남,중원구 금상로57번길 4 (금광동),성남
2389,경기,성남,중원구 양현로405번길 5 (여수동),성남
2390,경기,성남,중원구 광명로 119 (성남동),성남
2391,경기,성남,중원구 광명로 373 (금광동),성남
2392,경기,성남,중원구 산성대로 284 (중앙동),성남
2393,경기,성남,분당구 돌마로 73 (금곡동),성남
2394,경기,성남,분당구 돌마로 47 (금곡동),성남
2395,경기,성남,"분당구 미금로 40 (구미동, 도원필빌딩)",성남
2396,경기,성남,분당구 느티로63번길 6-3 (정자동),성남
2397,경기,성남,분당구 미금일로86번길 11 (구미동),성남
2398,경기,성남,"분당구 정자일로 100 (정자동, 미켈란쉐르빌)",성남
2399,경기,성남,분당구 불정로87번길 17 (정자동),성남
2400,경기,성남,분당구 판교로 443 (야탑동),성남
2401,경기,성남,분당구 분당로263번길 35 (서현동),성남
2402,경기,성남,"분당구 정자일로 248 (정자동, 파크뷰)",성남
2403,경기,성남,분당구 돌마로486번길 6 (서현동),성남
2404,경기,성남,"분당구 서판교로44번길 2 (판교동, 키즈스쿨)",성남
2405,경기,성남,분당구 황새울로342번길 11 (서현동),성남
2406,경기,성남,분당구 중앙공원로39번길 49 (서현동),성남
2407,경기,성남,분당구 내정로165번길 50 (수내동),성남
2408,경기,성남,분당구 백현로101번길 17 (수내동),성남
2409,경기,성남,"분당구 내정로173번길 11 (수내동, 양지마을한양아파트)",성남
2410,경기,성남,분당구 내정로166번길 43 (수내동),성남
2411,경기,성남,분당구 불정로 254 (수내동),성남
2412,경기,성남,분당구 야탑로69번길 8 (야탑동),성남
2413,경기,성남,분당구 장미로 78 (야탑동),성남
2414,경기,성남,분당구 매화로 41 (야탑동),성남
2415,경기,성남,분당구 구미로 11 (구미동),성남
2416,경기,성남,"분당구 정자일로 177 (정자동, 인텔리지Ⅱ)",성남
2417,경기,성남,"분당구 판교로 375 (삼평동, 메가스페이스1)",성남
2418,경기,성남,분당구 판교로255번길 9-22 (삼평동),성남
2419,경기,성남,분당구 운중로138번길 38 (운중동),성남
2420,경기,성남,분당구 판교역로 182 (삼평동),성남
2421,경기,성남,분당구 판교역로 231 (삼평동),성남
2422,경기,고양,덕양구 통일로 774 (관산동),고양
2423,경기,고양,덕양구 통일로 1072 (내유동),고양
2424,경기,고양,덕양구 동세로 11 (동산동),고양
2425,경기,고양,"덕양구 동송로 33 (동산동, 이편한세상시티삼송)",고양
2426,경기,고양,덕양구 삼송로 189-7 (삼송동),고양
2427,경기,고양,덕양구 삼송로 88 (삼송동),고양
2428,경기,고양,덕양구 고양대로 1772 (삼송동),고양
2429,경기,고양,덕양구 고양대로1384번길 15 (성사동),고양
2430,경기,고양,덕양구 호국로 804 (성사동),고양
2431,경기,고양,덕양구 삼송로 299 (지축동),고양
2432,경기,고양,덕양구 성신로 22 (화정동),고양
2433,경기,고양,"덕양구 토당로 54 (토당동, 충정회관)",고양
2434,경기,고양,덕양구 지도로 100 (토당동),고양
2435,경기,고양,덕양구 화중로104번길 26 (화정동),고양
2436,경기,고양,덕양구 권율대로 885 (신원동),고양
2437,경기,고양,덕양구 도래울로 34 (도내동),고양
2438,경기,고양,덕양구 삼송로 8 (원흥동),고양
2439,경기,고양,덕양구 도래울로 105 (도내동),고양
2440,경기,고양,덕양구 혜음로 42 (고양동),고양
2441,경기,고양,덕양구 중앙로 438 (행신동),고양
2442,경기,고양,덕양구 충장로 20 (행신동),고양
2443,경기,고양,덕양구 중앙로 554 (행신동),고양
2444,경기,고양,덕양구 행신로 131-11 (행신동),고양
2445,경기,고양,덕양구 화신로260번길 31 (화정동),고양
2446,경기,고양,덕양구 백양로 79 (화정동),고양
2447,경기,고양,덕양구 화중로130번길 32 (화정동),고양
2448,경기,고양,일산동구 한류월드로 281 (장항동),고양
2449,경기,고양,일산동구 한류월드로 281 (장항동),고양
2450,경기,고양,일산동구 일산로 74-17 (백석동),고양
2451,경기,고양,"일산동구 동국로 18 (식사동, 연합빌딩)",고양
2452,경기,고양,일산동구 중앙로 1190 (마두동),고양
2453,경기,고양,일산동구 장백로 184 (장항동),고양
2454,경기,고양,일산동구 강송로 181 (마두동),고양
2455,경기,고양,일산동구 일산로 46 (백석동),고양
2456,경기,고양,일산동구 정발산로 21 (장항동),고양
2457,경기,고양,일산동구 일산로330번길 12-2 (마두동),고양
2458,경기,고양,"일산동구 위시티2로11번길 45 (식사동, 위시티일산자이 주상복합)",고양
2459,경기,고양,일산동구 정발산로 24 (장항동),고양
2460,경기,고양,"일산동구 중앙로 1124 (백석동, 흰돌마을1단지아파트)",고양
2461,경기,고양,일산동구 숲속마을1로 76 (풍동),고양
2462,경기,고양,일산동구 중앙로 1317 (장항동),고양
2463,경기,고양,일산동구 중산로 247 (중산동),고양
2464,경기,고양,일산동구 하늘마을1로 8 (중산동),고양
2465,경기,고양,일산서구 대화로 138 (대화동),고양
2466,경기,고양,일산서구 중앙로 1567 (대화동),고양
2467,경기,고양,일산서구 가좌4로 2 (가좌동),고양
2468,경기,고양,"일산서구 중앙로 1376 (주엽동, 강선마을10단지아파트)",고양
2469,경기,고양,일산서구 장자길118번길 112 (덕이동),고양
2470,경기,고양,일산서구 원일로 117 (일산동),고양
2471,경기,고양,일산서구 원일로 69 (일산동),고양
2472,경기,고양,일산서구 한류월드로 300 (대화동),고양
2473,경기,고양,일산서구 일산동,고양
2474,경기,고양,일산서구 일현로 48 (탄현동),고양
2475,경기,고양,일산서구 하이파크1로 77 (덕이동),고양
2476,경기,고양,일산서구 일산로 548 (일산동),고양
2477,경기,고양,일산서구 중앙로 1456 (주엽동),고양
2478,경기,고양,일산서구 중앙로 1437 (주엽동),고양
2479,경기,용인,"처인구 고림로200번길 1 (고림동, 포비프라자)",용인
2480,경기,용인,처인구 백옥대로 1238 (유방동),용인
2481,경기,용인,처인구 포곡읍 포곡로 99,용인
2482,경기,용인,처인구 포곡읍 전대로78번길 19-2,용인
2483,경기,용인,처인구 명지로40번길 16 (역북동),용인
2484,경기,용인,처인구 중부대로1313번길 2 (역북동),용인
2485,경기,용인,처인구 백옥대로 1089 (김량장동),용인
2486,경기,용인,처인구 포곡읍 포곡로 220 (둔전리),용인
2487,경기,용인,"처인구 남사면 한숲로 123 (완장리, e편한세상 용인 한숲시티)",용인
2488,경기,용인,처인구 금령로 61 (김량장동),용인
2489,경기,용인,기흥구 강남로 9 (구갈동),용인
2490,경기,용인,기흥구 삼성2로 97 (농서동),용인
2491,경기,용인,기흥구 흥덕1로 30 (영덕동),용인
2492,경기,용인,기흥구 구성로 94 (언남동),용인
2493,경기,용인,기흥구 관곡로 92 (구갈동),용인
2494,경기,용인,기흥구 서천로202번길 5 (농서동),용인
2495,경기,용인,기흥구 동백중앙로 177 (중동),용인
2496,경기,용인,기흥구 동백중앙로 283 (중동),용인
2497,경기,용인,기흥구 평촌2로2번길 12 (동백동),용인
2498,경기,용인,기흥구 마북로154번길 3 (마북동),용인
2499,경기,용인,기흥구 용구대로 2398 (마북동),용인
2500,경기,용인,기흥구 구성3로28번길 20 (청덕동),용인
2501,경기,용인,기흥구 동백중앙로 358-8 (동백동),용인
2502,경기,용인,기흥구 한보라2로14번길 4-10 (보라동),용인
2503,경기,용인,기흥구 죽전로 46 (보정동),용인
2504,경기,용인,"기흥구 죽전로 20 (보정동, 죽전누리에뜰아파트)",용인
2505,경기,용인,기흥구 보정로 32 (보정동),용인
2506,경기,용인,기흥구 금화로 101 (상갈동),용인
2507,경기,용인,"기흥구 서그내로 31 (서천동, 용인서천 효성해링턴플레이스)",용인
2508,경기,용인,기흥구 새천년로 20 (신갈동),용인
2509,경기,용인,기흥구 신갈로58번길 33 (신갈동),용인
2510,경기,용인,기흥구 동백죽전대로527번길 100-3 (중동),용인
2511,경기,용인,기흥구 흥덕1로79번길 2 (영덕동),용인
2512,경기,용인,기흥구 흥덕중앙로 60 (영덕동),용인
2513,경기,용인,수지구 광교중앙로296번길 14 (상현동),용인
2514,경기,용인,"수지구 죽전로 150-1 (죽전동, 단대프라자Ⅱ)",용인
2515,경기,용인,수지구 풍덕천로 142 (풍덕천동),용인
2516,경기,용인,"수지구 고기로 89 (동천동, 동천자이아파트)",용인
2517,경기,용인,수지구 동천로 24 (동천동),용인
2518,경기,용인,수지구 문인로 64-1 (동천동),용인
2519,경기,용인,수지구 수지로 119 (성복동),용인
2520,경기,용인,수지구 성복2로 226 (성복동),용인
2521,경기,용인,수지구 신봉2로 2 (신봉동),용인
2522,경기,용인,수지구 신봉2로 115-16 (신봉동),용인
2523,경기,용인,"수지구 포은대로313번길 7-10 (풍덕천동, e편한세상 수지)",용인
2524,경기,용인,수지구 수지로296번길 51-9 (풍덕천동),용인
2525,경기,용인,수지구 정평로 40-4 (풍덕천동),용인
2526,경기,용인,수지구 만현로 103 (상현동),용인
2527,경기,용인,수지구 현암로 145 (죽전동),용인
2528,경기,용인,수지구 용구대로2801번길 2 (죽전동),용인
2529,경기,용인,수지구 대지로 58 (죽전동),용인
2530,경기,용인,수지구 포은대로 530 (죽전동),용인
